account_id,record_rank,source_file,hotel_name,hotel_name_normalized,country_code,city,state,street,website,website_domain,phone,category_name,hotel_type_class,geography_fit,independent_chain_class,ownership_type,review_score,reviews_count,icp_fit_score,icp_fit_class,non_icp_but_keep,fit_confidence,confidence_reason,review_bucket,owner_gm_decision_cycle_signal,contact_discovery_likelihood,ota_visibility_signal,website_quality,chain_signal_confidence,contact_gap_reason,contact_gap_count,why_not_top_tier,rank_bucket,rank_bucket_reason,ranking_reason,ranking_score,priority_score,priority_band,dedupe_status,duplicate_group_id,contact_duplicate_flag,review_flag,review_reason,manual_merge_candidate,source_url,shortlist_reason
acc_62161d3a01a3,1,Paris 100.csv,Hôtel Duo by Collection Vesper,h tel duo by collection vesper,FR,Paris,,11 Rue du Temple,http://www.duo-paris.com/,duo-paris.com,+33 1 42 72 72 22,Hotel,Preferred hotel,Out-of-profile geography,Independent candidate,Independent operator candidate,4.5,756,76.0,Keep,no,10.0,website_present | phone_present | category_present | reviews_present,manual_review,Likely shorter owner_gm_cycle,High,3.0,Strong,Low,no_major_gap,0,geo_mismatch,A,top_ranked,strong_icp_fit | independent_signal | preferred_hotel_type | out_of_profile_geography,81.4,8.14,Medium-High,unique,h tel duo by collection vesper|paris|11 rue du temple,no,yes,out_of_profile_geography,no,https://www.google.com/maps/search/?api=1&query=H%C3%B4tel%20Duo%20by%20Collection%20Vesper&query_place_id=ChIJWU9CqB1u5kcR5P1F2SMoJmc,Medium-High | A | strong_icp_fit | independent_signal | preferred_hotel_type | out_of_profile_geography
acc_586500ce206d,2,Paris 100.csv,Piapia Hotel,piapia hotel,FR,Paris,,14 Rue des Maraîchers,https://www.piapiahotel.com/?utm_source=gmb&utm_medium=organic&utm_campaign=fiche_gmb,piapiahotel.com,+33 1 43 72 51 96,Hotel,Preferred hotel,Out-of-profile geography,Independent candidate,Independent operator candidate,4.5,502,76.0,Keep,no,10.0,website_present | phone_present | category_present | reviews_present,manual_review,Likely shorter owner_gm_cycle,High,3.0,Basic,Low,no_major_gap,0,geo_mismatch,A,top_ranked,strong_icp_fit | independent_signal | preferred_hotel_type | out_of_profile_geography,81.4,8.14,Medium-High,unique,piapia hotel|paris|14 rue des mara chers,no,yes,out_of_profile_geography,no,https://www.google.com/maps/search/?api=1&query=Piapia%20Hotel&query_place_id=ChIJFZPojKxz5kcR1rjSQ1yTkfc,Medium-High | A | strong_icp_fit | independent_signal | preferred_hotel_type | out_of_profile_geography
acc_6d47441b512f,3,Paris 100.csv,LE COSY PICPUS,le cosy picpus,FR,Paris,,50 Av. de Saint-Mandé,https://www.lepetitcosyhotel.com/,lepetitcosyhotel.com,+33 1 43 43 08 21,Hotel,Preferred hotel,Out-of-profile geography,Independent candidate,Independent operator candidate,4.2,2273,76.0,Keep,no,10.0,website_present | phone_present | category_present | reviews_present,manual_review,Likely shorter owner_gm_cycle,High,3.0,Strong,Low,no_major_gap,0,geo_mismatch,A,top_ranked,strong_icp_fit | independent_signal | preferred_hotel_type | out_of_profile_geography,81.34,8.13,Medium-High,unique,le cosy picpus|paris|50 av de saint mand,no,yes,out_of_profile_geography,no,https://www.google.com/maps/search/?api=1&query=LE%20COSY%20PICPUS&query_place_id=ChIJoUxsKmVy5kcRixUTMZ7TrS8,Medium-High | A | strong_icp_fit | independent_signal | preferred_hotel_type | out_of_profile_geography
acc_914723c0f099,4,Paris 100.csv,Le Bellune Bar Hotel & Spa Paris,le bellune bar hotel spa paris,FR,Paris,,35 Bd Victor,http://www.lebelluneparis.com/,lebelluneparis.com,+33 1 85 74 62 62,Hotel,Preferred hotel,Out-of-profile geography,Independent candidate,Independent operator candidate,4.1,318,76.0,Keep,no,10.0,website_present | phone_present | category_present | reviews_present,manual_review,Likely shorter owner_gm_cycle,High,3.0,Strong,Low,no_major_gap,0,geo_mismatch,A,top_ranked,strong_icp_fit | independent_signal | preferred_hotel_type | out_of_profile_geography,80.96,8.1,Medium-High,unique,le bellune bar hotel spa paris|paris|35 bd victor,no,yes,out_of_profile_geography,no,https://www.google.com/maps/search/?api=1&query=Le%20Bellune%20Bar%20Hotel%20%26%20Spa%20Paris&query_place_id=ChIJ42i_1Klx5kcRCB65QYU7_f4,Medium-High | A | strong_icp_fit | independent_signal | preferred_hotel_type | out_of_profile_geography
acc_74acc0bcddb5,5,Paris 100.csv,Yooma Urban Lodge Tour Eiffel,yooma urban lodge tour eiffel,FR,Paris,,51 Quai de Grenelle,https://www.yooma-hotels.com/,yooma-hotels.com,+33 1 44 09 00 13,Hotel,Preferred hotel,Out-of-profile geography,Independent candidate,Independent operator candidate,4.2,2349,76.0,Keep,no,10.0,website_present | phone_present | category_present | reviews_present,manual_review,Likely shorter owner_gm_cycle,High,3.0,Strong,Low,no_major_gap,0,geo_mismatch,B,geo_mismatch,strong_icp_fit | independent_signal | preferred_hotel_type | out_of_profile_geography,79.74,7.97,Medium-High,unique,yooma urban lodge tour eiffel|paris|51 quai de grenelle,no,yes,out_of_profile_geography,no,https://www.google.com/maps/search/?api=1&query=Yooma%20Urban%20Lodge%20Tour%20Eiffel&query_place_id=ChIJ5_-sRARw5kcRUyQsODbZQlU,Medium-High | B | strong_icp_fit | independent_signal | preferred_hotel_type | out_of_profile_geography
acc_b929f2f1f075,6,Paris 100.csv,Hôtel Campanile Paris Bercy Village,h tel campanile paris bercy village,FR,Paris,,17 Rue Baron le Roy,https://hotelbercy.com/,hotelbercy.com,+33 1 44 67 75 75,Hotel,Preferred hotel,Out-of-profile geography,Independent candidate,Independent operator candidate,4.0,2956,76.0,Keep,no,10.0,website_present | phone_present | category_present | reviews_present,manual_review,Likely shorter owner_gm_cycle,High,3.0,Strong,Low,no_major_gap,0,geo_mismatch,B,geo_mismatch,strong_icp_fit | independent_signal | preferred_hotel_type | out_of_profile_geography,79.7,7.97,Medium-High,unique,h tel campanile paris bercy village|paris|17 rue baron le roy,no,yes,out_of_profile_geography,no,https://www.google.com/maps/search/?api=1&query=H%C3%B4tel%20Campanile%20Paris%20Bercy%20Village&query_place_id=ChIJOZIp44m8tRIRJsrQU-CBbEM,Medium-High | B | strong_icp_fit | independent_signal | preferred_hotel_type | out_of_profile_geography
acc_549128918448,7,Paris 100.csv,Maison Cassandre,maison cassandre,FR,Paris,,15 Av. de Clichy,https://hotel-maison-cassandre.com/,hotel-maison-cassandre.com,+33 1 76 21 40 88,Hotel,Preferred hotel,Out-of-profile geography,Independent candidate,Independent operator candidate,4.6,172,76.0,Keep,no,10.0,website_present | phone_present | category_present | reviews_present,manual_review,Likely shorter owner_gm_cycle,High,3.0,Strong,Low,no_major_gap,0,geo_mismatch,B,geo_mismatch,strong_icp_fit | independent_signal | preferred_hotel_type | out_of_profile_geography,79.16,7.92,Medium-High,unique,maison cassandre|paris|15 av de clichy,no,yes,out_of_profile_geography,no,https://www.google.com/maps/search/?api=1&query=Maison%20Cassandre&query_place_id=ChIJuyJFVvhv5kcRqGjZEFu9AV4,Medium-High | B | strong_icp_fit | independent_signal | preferred_hotel_type | out_of_profile_geography
acc_ed40f8e32ecf,8,Paris 100.csv,mk2 Hotel Paradiso,mk2 hotel paradiso,FR,Paris,,135 Bd Diderot,https://www.mk2hotelparadiso.com/,mk2hotelparadiso.com,+33 1 88 59 20 01,Hotel,Preferred hotel,Out-of-profile geography,Independent candidate,Independent operator candidate,4.6,613,76.0,Keep,no,10.0,website_present | phone_present | category_present | reviews_present,manual_review,Likely shorter owner_gm_cycle,High,3.0,Strong,Low,no_major_gap,0,geo_mismatch,B,geo_mismatch,strong_icp_fit | independent_signal | preferred_hotel_type | out_of_profile_geography,78.22,7.82,Medium-High,unique,mk2 hotel paradiso|paris|135 bd diderot,no,yes,out_of_profile_geography,no,https://www.google.com/maps/search/?api=1&query=mk2%20Hotel%20Paradiso&query_place_id=ChIJHdG8xElz5kcR7rvDSjDQ988,Medium-High | B | strong_icp_fit | independent_signal | preferred_hotel_type | out_of_profile_geography
acc_4a37325af7ed,9,Paris 100.csv,Lion d'Or Paris Hotel & Suites,lion d or paris hotel suites,FR,Paris,,5 Rue de la Sourdière,http://www.hotelduliondor.com/,hotelduliondor.com,+33 1 42 60 79 04,Hotel,Preferred hotel,Out-of-profile geography,Independent candidate,Independent operator candidate,4.5,862,76.0,Keep,no,10.0,website_present | phone_present | category_present | reviews_present,manual_review,Likely shorter owner_gm_cycle,High,3.0,Strong,Low,no_major_gap,0,geo_mismatch,B,geo_mismatch,strong_icp_fit | independent_signal | preferred_hotel_type | out_of_profile_geography,76.6,7.66,Medium-High,unique,lion d or paris hotel suites|paris|5 rue de la sourdi re,no,yes,out_of_profile_geography,no,https://www.google.com/maps/search/?api=1&query=Lion%20d'Or%20Paris%20Hotel%20%26%20Suites&query_place_id=ChIJAdIyyC9u5kcR7Kv4rvJwXaI,Medium-High | B | strong_icp_fit | independent_signal | preferred_hotel_type | out_of_profile_geography
acc_5ae29fd59b57,10,Paris 100.csv,Hôtel de Paris Montparnasse,h tel de paris montparnasse,FR,Paris,,51 Av. du Maine,http://www.hotel-montparnasse.fr/,hotel-montparnasse.fr,+33 1 43 22 10 13,Hotel,Preferred hotel,Out-of-profile geography,Independent candidate,Independent operator candidate,4.3,1036,76.0,Keep,no,10.0,website_present | phone_present | category_present | reviews_present,manual_review,Likely shorter owner_gm_cycle,High,3.0,Strong,Low,no_major_gap,0,geo_mismatch,B,geo_mismatch,strong_icp_fit | independent_signal | preferred_hotel_type | out_of_profile_geography,76.56,7.66,Medium-High,unique,h tel de paris montparnasse|paris|51 av du maine,no,yes,out_of_profile_geography,no,https://www.google.com/maps/search/?api=1&query=H%C3%B4tel%20de%20Paris%20Montparnasse&query_place_id=ChIJU8t8Fctx5kcROb1uZeRI3O8,Medium-High | B | strong_icp_fit | independent_signal | preferred_hotel_type | out_of_profile_geography
acc_460a73d8cb6d,11,Paris 100.csv,"The Originals Boutique, Hôtel Maison Montmartre, Paris",the originals boutique h tel maison montmartre paris,FR,Paris,,32 Av. de la Prte de Montmartre,https://www.hotelmaisonmontmartre.com/?utm_campaign=uberall&utm_medium=organic&utm_source=googlelisting,hotelmaisonmontmartre.com,+33 1 83 75 51 51,Hotel,Preferred hotel,Out-of-profile geography,Independent candidate,Independent operator candidate,4.1,1985,76.0,Keep,no,10.0,website_present | phone_present | category_present | reviews_present,manual_review,Likely shorter owner_gm_cycle,High,3.0,Basic,Low,no_major_gap,0,geo_mismatch,B,geo_mismatch,strong_icp_fit | independent_signal | preferred_hotel_type | out_of_profile_geography,76.52,7.65,Medium-High,unique,the originals boutique h tel maison montmartre paris|paris|32 av de la prte de montmartre,no,yes,out_of_profile_geography,no,https://www.google.com/maps/search/?api=1&query=The%20Originals%20Boutique%2C%20H%C3%B4tel%20Maison%20Montmartre%2C%20Paris&query_place_id=ChIJ_Tpw3flu5kcRfnJWxq8vXps,Medium-High | B | strong_icp_fit | independent_signal | preferred_hotel_type | out_of_profile_geography
acc_fb56e7251eaf,12,Paris 100.csv,Kopster Hotel Paris Porte de Versailles,kopster hotel paris porte de versailles,FR,Paris,,1 Bd Victor,https://www.kopsterhotels.com/paris-porte-de-versailles,kopsterhotels.com,+33 1 87 44 29 61,Hotel,Preferred hotel,Out-of-profile geography,Independent candidate,Independent operator candidate,4.3,295,76.0,Keep,no,10.0,website_present | phone_present | category_present | reviews_present,manual_review,Likely shorter owner_gm_cycle,High,3.0,Weak,Low,no_major_gap,0,geo_mismatch,B,geo_mismatch,strong_icp_fit | independent_signal | preferred_hotel_type | out_of_profile_geography,76.15,7.62,Medium-High,unique,kopster hotel paris porte de versailles|paris|1 bd victor,no,yes,out_of_profile_geography,no,https://www.google.com/maps/search/?api=1&query=Kopster%20Hotel%20Paris%20Porte%20de%20Versailles&query_place_id=ChIJw2lQ4zJx5kcROto8KHHxgVU,Medium-High | B | strong_icp_fit | independent_signal | preferred_hotel_type | out_of_profile_geography
acc_40f47c240bc4,13,Paris 100.csv,Hôtel L de Lutèce - Notre Dame,h tel l de lut ce notre dame,FR,Paris,,65 Rue Saint-Louis en l'Île,http://www.paris-hotel-lutece.com/,paris-hotel-lutece.com,+33 1 43 26 23 52,Hotel,Preferred hotel,Out-of-profile geography,Independent candidate,Independent operator candidate,4.6,255,76.0,Keep,no,10.0,website_present | phone_present | category_present | reviews_present,manual_review,Likely shorter owner_gm_cycle,High,3.0,Strong,Low,no_major_gap,0,geo_mismatch,B,geo_mismatch,strong_icp_fit | independent_signal | preferred_hotel_type | out_of_profile_geography,76.13,7.61,Medium-High,unique,h tel l de lut ce notre dame|paris|65 rue saint louis en l le,no,yes,out_of_profile_geography,no,https://www.google.com/maps/search/?api=1&query=H%C3%B4tel%20L%20de%20Lut%C3%A8ce%20-%20Notre%20Dame&query_place_id=ChIJOfF2N-Nx5kcR0iYVYvrOV-I,Medium-High | B | strong_icp_fit | independent_signal | preferred_hotel_type | out_of_profile_geography
acc_69474a9131e7,14,Paris 100.csv,Hôtel de Sèvres,h tel de s vres,FR,Paris,,22 Rue de l'Abbé Grégoire,http://www.hoteldesevres.com/,hoteldesevres.com,+33 1 45 48 84 07,Hotel,Preferred hotel,Out-of-profile geography,Independent candidate,Independent operator candidate,4.2,199,76.0,Keep,no,10.0,website_present | phone_present | category_present | reviews_present,manual_review,Likely shorter owner_gm_cycle,High,3.0,Strong,Low,no_major_gap,0,geo_mismatch,B,geo_mismatch,strong_icp_fit | independent_signal | preferred_hotel_type | out_of_profile_geography,75.94,7.59,Medium-High,unique,h tel de s vres|paris|22 rue de l abb gr goire,no,yes,out_of_profile_geography,no,https://www.google.com/maps/search/?api=1&query=H%C3%B4tel%20de%20S%C3%A8vres&query_place_id=ChIJjwnbWtJx5kcR2q9XbwtaX8o,Medium-High | B | strong_icp_fit | independent_signal | preferred_hotel_type | out_of_profile_geography
acc_6db0cbf2e3b9,15,Paris 100.csv,Eden Lodge Paris,eden lodge paris,FR,Paris,,175 Rue de Charonne,http://www.edenlodgeparis.net/,edenlodgeparis.net,+33 1 43 56 73 24,Guest house,Preferred hotel,Out-of-profile geography,Independent candidate,Independent operator candidate,4.7,107,76.0,Keep,no,10.0,website_present | phone_present | category_present | reviews_present,manual_review,Likely shorter owner_gm_cycle,High,3.0,Strong,Low,no_major_gap,0,geo_mismatch,B,geo_mismatch,strong_icp_fit | independent_signal | preferred_hotel_type | out_of_profile_geography,75.85,7.58,Medium-High,unique,eden lodge paris|paris|175 rue de charonne,no,yes,out_of_profile_geography,no,https://www.google.com/maps/search/?api=1&query=Eden%20Lodge%20Paris&query_place_id=ChIJhVRIjIpt5kcRXc_2Db5r-RE,Medium-High | B | strong_icp_fit | independent_signal | preferred_hotel_type | out_of_profile_geography
acc_198cf9da8d89,16,Paris 100.csv,Hôtel de Londres Eiffel,h tel de londres eiffel,FR,Paris,,1 Rue Augereau,http://www.hotel-paris-londres-eiffel.com/,hotel-paris-londres-eiffel.com,+33 1 45 51 63 02,Hotel,Preferred hotel,Out-of-profile geography,Independent candidate,Independent operator candidate,4.9,687,76.0,Keep,no,10.0,website_present | phone_present | category_present | reviews_present,manual_review,Likely shorter owner_gm_cycle,High,3.0,Strong,Low,no_major_gap,0,geo_mismatch,B,geo_mismatch,strong_icp_fit | independent_signal | preferred_hotel_type | out_of_profile_geography,75.08,7.51,Medium-High,unique,h tel de londres eiffel|paris|1 rue augereau,no,yes,out_of_profile_geography,no,https://www.google.com/maps/search/?api=1&query=H%C3%B4tel%20de%20Londres%20Eiffel&query_place_id=ChIJ2cPxkN9v5kcRlucUf90FMxQ,Medium-High | B | strong_icp_fit | independent_signal | preferred_hotel_type | out_of_profile_geography
acc_e7f000bc298a,17,Paris 100.csv,Hotel Eiffel Seine,hotel eiffel seine,FR,Paris,,3 Bd de Grenelle,https://www.eiffelseinehotel.paris/,eiffelseinehotel.paris,+33 1 45 78 14 81,Hotel,Preferred hotel,Out-of-profile geography,Independent candidate,Independent operator candidate,4.7,4405,76.0,Keep,no,10.0,website_present | phone_present | category_present | reviews_present,manual_review,Likely shorter owner_gm_cycle,High,3.0,Strong,Low,no_major_gap,0,geo_mismatch,B,geo_mismatch,strong_icp_fit | independent_signal | preferred_hotel_type | out_of_profile_geography,75.04,7.5,Medium-High,unique,hotel eiffel seine|paris|3 bd de grenelle,no,yes,out_of_profile_geography,no,https://www.google.com/maps/search/?api=1&query=Hotel%20Eiffel%20Seine&query_place_id=ChIJncpa3Bxw5kcRRM5i5Jgmg9I,Medium-High | B | strong_icp_fit | independent_signal | preferred_hotel_type | out_of_profile_geography
acc_131665dc080e,18,Paris 100.csv,Hidden Hotel,hidden hotel,FR,Paris,,28 Rue de l'Arc de Triomphe,http://www.hidden-hotel.com/,hidden-hotel.com,+33 1 40 55 03 57,Hotel,Preferred hotel,Out-of-profile geography,Independent candidate,Independent operator candidate,4.7,671,76.0,Keep,no,10.0,website_present | phone_present | category_present | reviews_present,manual_review,Likely shorter owner_gm_cycle,High,3.0,Strong,Low,no_major_gap,0,geo_mismatch,B,geo_mismatch,strong_icp_fit | independent_signal | preferred_hotel_type | out_of_profile_geography,75.04,7.5,Medium-High,unique,hidden hotel|paris|28 rue de l arc de triomphe,no,yes,out_of_profile_geography,no,https://www.google.com/maps/search/?api=1&query=Hidden%20Hotel&query_place_id=ChIJnwxRLJNv5kcRPB8QqpUwfPQ,Medium-High | B | strong_icp_fit | independent_signal | preferred_hotel_type | out_of_profile_geography
acc_a319be5bf0a9,19,Paris 100.csv,Britannique Hotel - Paris Centre,britannique hotel paris centre,FR,Paris,,20 Av. Victoria,https://hotel-britannique.fr/,hotel-britannique.fr,+33 1 42 33 74 59,Hotel,Preferred hotel,Out-of-profile geography,Independent candidate,Independent operator candidate,4.6,1282,76.0,Keep,no,10.0,website_present | phone_present | category_present | reviews_present,manual_review,Likely shorter owner_gm_cycle,High,3.0,Strong,Low,no_major_gap,0,geo_mismatch,B,geo_mismatch,strong_icp_fit | independent_signal | preferred_hotel_type | out_of_profile_geography,75.02,7.5,Medium-High,unique,britannique hotel paris centre|paris|20 av victoria,no,yes,out_of_profile_geography,no,https://www.google.com/maps/search/?api=1&query=Britannique%20Hotel%20-%20Paris%20Centre&query_place_id=ChIJ-4Siox9u5kcRm9vM6DcMXyU,Medium-High | B | strong_icp_fit | independent_signal | preferred_hotel_type | out_of_profile_geography
acc_31845632d205,20,Paris 100.csv,Hotel Champerret Heliopolis,hotel champerret heliopolis,FR,Paris,,13 Rue d'Héliopolis,http://www.champerret-heliopolis-paris-hotel.com/,champerret-heliopolis-paris-hotel.com,+33 1 47 64 92 56,Hotel,Preferred hotel,Out-of-profile geography,Independent candidate,Independent operator candidate,4.6,557,76.0,Keep,no,10.0,website_present | phone_present | category_present | reviews_present,manual_review,Likely shorter owner_gm_cycle,High,3.0,Strong,Low,no_major_gap,0,geo_mismatch,B,geo_mismatch,strong_icp_fit | independent_signal | preferred_hotel_type | out_of_profile_geography,75.02,7.5,Medium-High,unique,hotel champerret heliopolis|paris|13 rue d h liopolis,no,yes,out_of_profile_geography,no,https://www.google.com/maps/search/?api=1&query=Hotel%20Champerret%20Heliopolis&query_place_id=ChIJVb7Y_ZBv5kcRN_df8bR4GgI,Medium-High | B | strong_icp_fit | independent_signal | preferred_hotel_type | out_of_profile_geography
acc_f2191f40ef3a,21,Paris 100.csv,Hotel Motel One Paris-Porte Dorée,hotel motel one paris porte dor e,FR,Paris,,295 Av. Daumesnil,https://www.motel-one.com/hotels/paris/hotel-paris-porte-doree/,motel-one.com,+33 1 73 10 92 00,Hotel,Preferred hotel,Out-of-profile geography,Independent candidate,Independent operator candidate,4.5,2212,76.0,Keep,no,10.0,website_present | phone_present | category_present | reviews_present,manual_review,Likely shorter owner_gm_cycle,High,3.0,Weak,Low,no_major_gap,0,geo_mismatch,B,geo_mismatch,strong_icp_fit | independent_signal | preferred_hotel_type | out_of_profile_geography,75.0,7.5,Medium-High,unique,hotel motel one paris porte dor e|paris|295 av daumesnil,no,yes,out_of_profile_geography,no,https://www.google.com/maps/search/?api=1&query=Hotel%20Motel%20One%20Paris-Porte%20Dor%C3%A9e&query_place_id=ChIJ9xJDqopy5kcRTZ7Yq12CwEs,Medium-High | B | strong_icp_fit | independent_signal | preferred_hotel_type | out_of_profile_geography
acc_39e143dc8358,22,Paris 100.csv,TOO Hotel,too hotel,FR,Paris,,65 Rue Bruneseau,http://www.toohotel.com/?utm_source=google&utm_medium=organic&utm_campaign=gbp,toohotel.com,+33 1 78 90 79 90,Hotel,Preferred hotel,Out-of-profile geography,Independent candidate,Independent operator candidate,4.5,1435,76.0,Keep,no,10.0,website_present | phone_present | category_present | reviews_present,manual_review,Likely shorter owner_gm_cycle,High,3.0,Basic,Low,no_major_gap,0,geo_mismatch,B,geo_mismatch,strong_icp_fit | independent_signal | preferred_hotel_type | out_of_profile_geography,75.0,7.5,Medium-High,unique,too hotel|paris|65 rue bruneseau,no,yes,out_of_profile_geography,no,https://www.google.com/maps/search/?api=1&query=TOO%20Hotel&query_place_id=ChIJ-QCHeRBz5kcRYmCWcv3A0zY,Medium-High | B | strong_icp_fit | independent_signal | preferred_hotel_type | out_of_profile_geography
acc_4bbe2c516627,23,Paris 100.csv,SO/ PARIS,so paris,FR,Paris,,10 Rue Agrippa d'Aubigné,https://so-hotels.com/en/paris/?utm_source=google&utm_medium=organic&utm_campaign=gmb-website&utm_content=website_button,so-hotels.com,+33 1 78 90 74 00,Hotel,Preferred hotel,Out-of-profile geography,Independent candidate,Independent operator candidate,4.5,1279,76.0,Keep,no,10.0,website_present | phone_present | category_present | reviews_present,manual_review,Likely shorter owner_gm_cycle,High,3.0,Weak,Low,no_major_gap,0,geo_mismatch,B,geo_mismatch,strong_icp_fit | independent_signal | preferred_hotel_type | out_of_profile_geography,75.0,7.5,Medium-High,unique,so paris|paris|10 rue agrippa d aubign,no,yes,out_of_profile_geography,no,https://www.google.com/maps/search/?api=1&query=SO%2F%20PARIS&query_place_id=ChIJF--ICnFx5kcRp5l7I78w3LM,Medium-High | B | strong_icp_fit | independent_signal | preferred_hotel_type | out_of_profile_geography
acc_3cd958e632f7,24,Paris 100.csv,Hôtel La Petite Rosa,h tel la petite rosa,FR,Paris,,20 Bis Rue Dugommier,http://www.hotel-lapetiterosa.fr/,hotel-lapetiterosa.fr,+33 1 43 43 47 73,Hotel,Preferred hotel,Out-of-profile geography,Independent candidate,Independent operator candidate,4.5,1077,76.0,Keep,no,10.0,website_present | phone_present | category_present | reviews_present,manual_review,Likely shorter owner_gm_cycle,High,3.0,Strong,Low,no_major_gap,0,geo_mismatch,B,geo_mismatch,strong_icp_fit | independent_signal | preferred_hotel_type | out_of_profile_geography,75.0,7.5,Medium-High,unique,h tel la petite rosa|paris|20 bis rue dugommier,no,yes,out_of_profile_geography,no,https://www.google.com/maps/search/?api=1&query=H%C3%B4tel%20La%20Petite%20Rosa&query_place_id=ChIJpVaqiWty5kcRtcAhPi1MfBw,Medium-High | B | strong_icp_fit | independent_signal | preferred_hotel_type | out_of_profile_geography
acc_47f99bab4c06,25,Paris 100.csv,Hôtel De La Porte Dorée,h tel de la porte dor e,FR,Paris,,273 Av. Daumesnil,http://hoteldelaportedoree.com/,hoteldelaportedoree.com,+33 1 43 07 56 97,Hotel,Preferred hotel,Out-of-profile geography,Independent candidate,Independent operator candidate,4.5,1031,76.0,Keep,no,10.0,website_present | phone_present | category_present | reviews_present,manual_review,Likely shorter owner_gm_cycle,High,3.0,Strong,Low,no_major_gap,0,geo_mismatch,B,geo_mismatch,strong_icp_fit | independent_signal | preferred_hotel_type | out_of_profile_geography,75.0,7.5,Medium-High,unique,h tel de la porte dor e|paris|273 av daumesnil,no,yes,out_of_profile_geography,no,https://www.google.com/maps/search/?api=1&query=H%C3%B4tel%20De%20La%20Porte%20Dor%C3%A9e&query_place_id=ChIJXUfMvmBy5kcRzMsyUnKO90E,Medium-High | B | strong_icp_fit | independent_signal | preferred_hotel_type | out_of_profile_geography
acc_a234cb215a4b,26,Paris 100.csv,Agate Hotel,agate hotel,FR,Paris,,8 Cr de Vincennes,http://www.hotelagateparis.com/,hotelagateparis.com,+33 1 43 45 13 53,Hotel,Preferred hotel,Out-of-profile geography,Independent candidate,Independent operator candidate,4.5,824,76.0,Keep,no,10.0,website_present | phone_present | category_present | reviews_present,manual_review,Likely shorter owner_gm_cycle,High,3.0,Strong,Low,no_major_gap,0,geo_mismatch,B,geo_mismatch,strong_icp_fit | independent_signal | preferred_hotel_type | out_of_profile_geography,75.0,7.5,Medium-High,unique,agate hotel|paris|8 cr de vincennes,no,yes,out_of_profile_geography,no,https://www.google.com/maps/search/?api=1&query=Agate%20Hotel&query_place_id=ChIJa77JgXBy5kcRKnPSShrqCF8,Medium-High | B | strong_icp_fit | independent_signal | preferred_hotel_type | out_of_profile_geography
acc_071f8f1d5738,27,Paris 100.csv,Hôtel Le Marquis by Inwood Hotels,h tel le marquis by inwood hotels,FR,Paris,,15 Rue Dupleix,http://www.lemarquisparis.com/,lemarquisparis.com,+33 1 43 06 31 50,Hotel,Preferred hotel,Out-of-profile geography,Independent candidate,Independent operator candidate,4.5,650,76.0,Keep,no,10.0,website_present | phone_present | category_present | reviews_present,manual_review,Likely shorter owner_gm_cycle,High,3.0,Strong,Low,no_major_gap,0,geo_mismatch,B,geo_mismatch,strong_icp_fit | independent_signal | preferred_hotel_type | out_of_profile_geography,75.0,7.5,Medium-High,unique,h tel le marquis by inwood hotels|paris|15 rue dupleix,no,yes,out_of_profile_geography,no,https://www.google.com/maps/search/?api=1&query=H%C3%B4tel%20Le%20Marquis%20by%20Inwood%20Hotels&query_place_id=ChIJFSHRyRhw5kcRhQYlnB2SCqM,Medium-High | B | strong_icp_fit | independent_signal | preferred_hotel_type | out_of_profile_geography
acc_70fb8db24e62,28,Paris 100.csv,Hôtel Du Printemps,h tel du printemps,FR,Paris,,80 Bd de Picpus,http://www.hotel-paris-printemps.com/?utm_source=gmb,hotel-paris-printemps.com,+33 1 43 43 62 31,Hotel,Preferred hotel,Out-of-profile geography,Independent candidate,Independent operator candidate,4.5,597,76.0,Keep,no,10.0,website_present | phone_present | category_present | reviews_present,manual_review,Likely shorter owner_gm_cycle,High,3.0,Basic,Low,no_major_gap,0,geo_mismatch,B,geo_mismatch,strong_icp_fit | independent_signal | preferred_hotel_type | out_of_profile_geography,75.0,7.5,Medium-High,unique,h tel du printemps|paris|80 bd de picpus,no,yes,out_of_profile_geography,no,https://www.google.com/maps/search/?api=1&query=H%C3%B4tel%20Du%20Printemps&query_place_id=ChIJjZJEnHpy5kcR0cPhoJYaots,Medium-High | B | strong_icp_fit | independent_signal | preferred_hotel_type | out_of_profile_geography
acc_04ea2f018c9d,29,Paris 100.csv,Hôtel Europe Saint-Séverin,h tel europe saint s verin,FR,Paris,,38-40 Rue Saint-Séverin,http://www.hoteleurope.net/,hoteleurope.net,+33 1 46 34 05 70,Hotel,Preferred hotel,Out-of-profile geography,Independent candidate,Independent operator candidate,4.4,1416,76.0,Keep,no,10.0,website_present | phone_present | category_present | reviews_present,manual_review,Likely shorter owner_gm_cycle,High,3.0,Strong,Low,no_major_gap,0,geo_mismatch,B,geo_mismatch,strong_icp_fit | independent_signal | preferred_hotel_type | out_of_profile_geography,74.98,7.5,Medium-High,unique,h tel europe saint s verin|paris|38 40 rue saint s verin,no,yes,out_of_profile_geography,no,https://www.google.com/maps/search/?api=1&query=H%C3%B4tel%20Europe%20Saint-S%C3%A9verin&query_place_id=ChIJYRE_nuBx5kcRLJMcebvxJwc,Medium-High | B | strong_icp_fit | independent_signal | preferred_hotel_type | out_of_profile_geography
acc_693754b5bdda,30,Paris 100.csv,Hotel Rose Bourbon,hotel rose bourbon,FR,Paris,,53 Rue de l'Église,http://www.hotelrosebourbon.com/,hotelrosebourbon.com,+33 1 45 57 35 80,Hotel,Preferred hotel,Out-of-profile geography,Independent candidate,Independent operator candidate,4.4,1120,76.0,Keep,no,10.0,website_present | phone_present | category_present | reviews_present,manual_review,Likely shorter owner_gm_cycle,High,3.0,Strong,Low,no_major_gap,0,geo_mismatch,B,geo_mismatch,strong_icp_fit | independent_signal | preferred_hotel_type | out_of_profile_geography,74.98,7.5,Medium-High,unique,hotel rose bourbon|paris|53 rue de l glise,no,yes,out_of_profile_geography,no,https://www.google.com/maps/search/?api=1&query=Hotel%20Rose%20Bourbon&query_place_id=ChIJtUECvxFw5kcR_tNY3UxaC2o,Medium-High | B | strong_icp_fit | independent_signal | preferred_hotel_type | out_of_profile_geography
acc_1dd3fdc372a6,31,Paris 100.csv,Hôtel Le Relais Saint Charles,h tel le relais saint charles,FR,Paris,,72 Bd de Grenelle,https://www.relaisstcharles.fr/,relaisstcharles.fr,+33 1 40 58 00 57,Hotel,Preferred hotel,Out-of-profile geography,Independent candidate,Independent operator candidate,4.4,1118,76.0,Keep,no,10.0,website_present | phone_present | category_present | reviews_present,manual_review,Likely shorter owner_gm_cycle,High,3.0,Strong,Low,no_major_gap,0,geo_mismatch,B,geo_mismatch,strong_icp_fit | independent_signal | preferred_hotel_type | out_of_profile_geography,74.98,7.5,Medium-High,unique,h tel le relais saint charles|paris|72 bd de grenelle,no,yes,out_of_profile_geography,no,https://www.google.com/maps/search/?api=1&query=H%C3%B4tel%20Le%20Relais%20Saint%20Charles&query_place_id=ChIJycQ42Btw5kcRRHe3lR6MDAk,Medium-High | B | strong_icp_fit | independent_signal | preferred_hotel_type | out_of_profile_geography
acc_97c4ea8a623e,32,Paris 100.csv,Aparthotel Adagio Paris Nation,aparthotel adagio paris nation,FR,Paris,,15 Ter Rue Lamblardie,https://www.adagio-city.com/a0x1?utm_source=googleMaps&utm_medium=seoMaps&utm_campaign=seoMaps&y_source=1_MTUzNTkyODctNzE1LWxvY2F0aW9uLndlYnNpdGU%3D,adagio-city.com,+33 1 88 40 16 60,Hotel,Preferred hotel,Out-of-profile geography,Independent candidate,Independent operator candidate,4.4,755,76.0,Keep,no,10.0,website_present | phone_present | category_present | reviews_present,manual_review,Likely shorter owner_gm_cycle,High,3.0,Weak,Low,no_major_gap,0,geo_mismatch,B,geo_mismatch,strong_icp_fit | independent_signal | preferred_hotel_type | out_of_profile_geography,74.98,7.5,Medium-High,unique,aparthotel adagio paris nation|paris|15 ter rue lamblardie,no,yes,out_of_profile_geography,no,https://www.google.com/maps/search/?api=1&query=Aparthotel%20Adagio%20Paris%20Nation&query_place_id=ChIJGwjIWw1z5kcRGI5IbTJ0rH4,Medium-High | B | strong_icp_fit | independent_signal | preferred_hotel_type | out_of_profile_geography
acc_50e30557e4e6,33,Paris 100.csv,Hôtel Daumesnil Vincennes,h tel daumesnil vincennes,FR,Vincennes,,50 Av. de Paris,http://www.hotel-daumesnil.com/,hotel-daumesnil.com,+33 1 48 08 44 10,Hotel,Preferred hotel,Out-of-profile geography,Independent candidate,Independent operator candidate,4.4,676,76.0,Keep,no,10.0,website_present | phone_present | category_present | reviews_present,manual_review,Likely shorter owner_gm_cycle,High,3.0,Strong,Low,no_major_gap,0,geo_mismatch,B,geo_mismatch,strong_icp_fit | independent_signal | preferred_hotel_type | out_of_profile_geography,74.98,7.5,Medium-High,unique,h tel daumesnil vincennes|vincennes|50 av de paris,no,yes,out_of_profile_geography,no,https://www.google.com/maps/search/?api=1&query=H%C3%B4tel%20Daumesnil%20Vincennes&query_place_id=ChIJ6z7JEJhy5kcRCDTinX6dYaA,Medium-High | B | strong_icp_fit | independent_signal | preferred_hotel_type | out_of_profile_geography
acc_576c6130fd96,34,Paris 100.csv,Aparthotel Adagio Paris Vincennes,aparthotel adagio paris vincennes,FR,Vincennes,,42 Av. de Paris,https://www.adagio-city.com/8164?utm_source=googleMaps&utm_medium=seoMaps&utm_campaign=seoMaps&y_source=1_MTUzNTkyODctNzE1LWxvY2F0aW9uLndlYnNpdGU%3D,adagio-city.com,+33 1 58 73 52 00,Hotel,Preferred hotel,Out-of-profile geography,Independent candidate,Independent operator candidate,4.4,660,76.0,Keep,no,10.0,website_present | phone_present | category_present | reviews_present,manual_review,Likely shorter owner_gm_cycle,High,3.0,Weak,Low,no_major_gap,0,geo_mismatch,B,geo_mismatch,strong_icp_fit | independent_signal | preferred_hotel_type | out_of_profile_geography,74.98,7.5,Medium-High,unique,aparthotel adagio paris vincennes|vincennes|42 av de paris,no,yes,out_of_profile_geography,no,https://www.google.com/maps/search/?api=1&query=Aparthotel%20Adagio%20Paris%20Vincennes&query_place_id=ChIJtey0CZhy5kcR7Ta1IElroJc,Medium-High | B | strong_icp_fit | independent_signal | preferred_hotel_type | out_of_profile_geography
acc_0424337fc7e2,35,Paris 100.csv,Hôtel Le Quartier Bercy - Square,h tel le quartier bercy square,FR,Paris,,33 Bd de Reuilly,http://www.lequartierhotelbs.com/,lequartierhotelbs.com,+33 1 44 87 09 09,Hotel,Preferred hotel,Out-of-profile geography,Independent candidate,Independent operator candidate,4.3,1384,76.0,Keep,no,10.0,website_present | phone_present | category_present | reviews_present,manual_review,Likely shorter owner_gm_cycle,High,3.0,Strong,Low,no_major_gap,0,geo_mismatch,B,geo_mismatch,strong_icp_fit | independent_signal | preferred_hotel_type | out_of_profile_geography,74.96,7.5,Medium-High,unique,h tel le quartier bercy square|paris|33 bd de reuilly,no,yes,out_of_profile_geography,no,https://www.google.com/maps/search/?api=1&query=H%C3%B4tel%20Le%20Quartier%20Bercy%20-%20Square&query_place_id=ChIJZ6ou7mty5kcRgRrNRYBhuf8,Medium-High | B | strong_icp_fit | independent_signal | preferred_hotel_type | out_of_profile_geography
acc_f69614be5bac,36,Paris 100.csv,Hotel France Louvre,hotel france louvre,FR,Paris,,40 Rue de Rivoli,http://www.francelouvre.com/,francelouvre.com,+33 9 71 28 46 06,Hotel,Preferred hotel,Out-of-profile geography,Independent candidate,Independent operator candidate,4.3,1155,76.0,Keep,no,10.0,website_present | phone_present | category_present | reviews_present,manual_review,Likely shorter owner_gm_cycle,High,3.0,Strong,Low,no_major_gap,0,geo_mismatch,B,geo_mismatch,strong_icp_fit | independent_signal | preferred_hotel_type | out_of_profile_geography,74.96,7.5,Medium-High,unique,hotel france louvre|paris|40 rue de rivoli,no,yes,out_of_profile_geography,no,https://www.google.com/maps/search/?api=1&query=Hotel%20France%20Louvre&query_place_id=ChIJRZOcrgJu5kcRNHLaohZ3YRI,Medium-High | B | strong_icp_fit | independent_signal | preferred_hotel_type | out_of_profile_geography
acc_853673f6c8c7,37,Paris 100.csv,Hotel Madrigal,hotel madrigal,FR,Paris,,32 Bd Pasteur,https://www.hotel-madrigal.com/,hotel-madrigal.com,+33 1 47 34 70 47,Hotel,Preferred hotel,Out-of-profile geography,Independent candidate,Independent operator candidate,4.3,780,76.0,Keep,no,10.0,website_present | phone_present | category_present | reviews_present,manual_review,Likely shorter owner_gm_cycle,High,3.0,Strong,Low,no_major_gap,0,geo_mismatch,B,geo_mismatch,strong_icp_fit | independent_signal | preferred_hotel_type | out_of_profile_geography,74.96,7.5,Medium-High,unique,hotel madrigal|paris|32 bd pasteur,no,yes,out_of_profile_geography,no,https://www.google.com/maps/search/?api=1&query=Hotel%20Madrigal&query_place_id=ChIJ86biLjFw5kcR4lS3hixop2Y,Medium-High | B | strong_icp_fit | independent_signal | preferred_hotel_type | out_of_profile_geography
acc_d0b0538a8bf5,38,Paris 100.csv,Hotel Quartier Latin,hotel quartier latin,FR,Paris,,9 Rue des Écoles,https://hotelquartierlatin.com/,hotelquartierlatin.com,+33 1 44 27 06 45,Hotel,Preferred hotel,Out-of-profile geography,Independent candidate,Independent operator candidate,4.3,614,76.0,Keep,no,10.0,website_present | phone_present | category_present | reviews_present,manual_review,Likely shorter owner_gm_cycle,High,3.0,Strong,Low,no_major_gap,0,geo_mismatch,B,geo_mismatch,strong_icp_fit | independent_signal | preferred_hotel_type | out_of_profile_geography,74.96,7.5,Medium-High,unique,hotel quartier latin|paris|9 rue des coles,no,yes,out_of_profile_geography,no,https://www.google.com/maps/search/?api=1&query=Hotel%20Quartier%20Latin&query_place_id=ChIJ7bgVpOVx5kcRZtn3LagYOT0,Medium-High | B | strong_icp_fit | independent_signal | preferred_hotel_type | out_of_profile_geography
acc_b56bf533b6f2,39,Paris 100.csv,Hotel Elysees Flaubert Paris,hotel elysees flaubert paris,FR,Paris,,19 Rue Rennequin,http://www.parishotelflaubert.com/,parishotelflaubert.com,+33 1 46 22 44 35,Hotel,Preferred hotel,Out-of-profile geography,Independent candidate,Independent operator candidate,4.3,544,76.0,Keep,no,10.0,website_present | phone_present | category_present | reviews_present,manual_review,Likely shorter owner_gm_cycle,High,3.0,Strong,Low,no_major_gap,0,geo_mismatch,B,geo_mismatch,strong_icp_fit | independent_signal | preferred_hotel_type | out_of_profile_geography,74.96,7.5,Medium-High,unique,hotel elysees flaubert paris|paris|19 rue rennequin,no,yes,out_of_profile_geography,no,https://www.google.com/maps/search/?api=1&query=Hotel%20Elysees%20Flaubert%20Paris&query_place_id=ChIJaZ8vMZRv5kcR_2jdeKkSWuQ,Medium-High | B | strong_icp_fit | independent_signal | preferred_hotel_type | out_of_profile_geography
acc_8f3276743841,40,Paris 100.csv,Grand Hotel Dore Paris,grand hotel dore paris,FR,Paris,,201 Av. Daumesnil,http://www.grand-hotel-dore.com/,grand-hotel-dore.com,+33 1 43 43 66 89,Hotel,Preferred hotel,Out-of-profile geography,Independent candidate,Independent operator candidate,4.3,543,76.0,Keep,no,10.0,website_present | phone_present | category_present | reviews_present,manual_review,Likely shorter owner_gm_cycle,High,3.0,Strong,Low,no_major_gap,0,geo_mismatch,B,geo_mismatch,strong_icp_fit | independent_signal | preferred_hotel_type | out_of_profile_geography,74.96,7.5,Medium-High,unique,grand hotel dore paris|paris|201 av daumesnil,no,yes,out_of_profile_geography,no,https://www.google.com/maps/search/?api=1&query=Grand%20Hotel%20Dore%20Paris&query_place_id=ChIJyVu83Ghy5kcRtLEVSernJIA,Medium-High | B | strong_icp_fit | independent_signal | preferred_hotel_type | out_of_profile_geography
acc_22673953bbcb,41,Paris 100.csv,B&B HOTEL Paris 17 Batignolles,b b hotel paris 17 batignolles,FR,Paris,,4 Bd Berthier,https://www.hotel-bb.com/fr/hotel/paris-17-batignolles?utm_source=googlemaps&utm_medium=fichehotel&utm_campaign=yext,hotel-bb.com,+33 892 23 34 46,Hotel,Preferred hotel,Out-of-profile geography,Independent candidate,Independent operator candidate,4.2,2616,76.0,Keep,no,10.0,website_present | phone_present | category_present | reviews_present,manual_review,Likely shorter owner_gm_cycle,High,3.0,Weak,Low,no_major_gap,0,geo_mismatch,B,geo_mismatch,strong_icp_fit | independent_signal | preferred_hotel_type | out_of_profile_geography,74.94,7.49,Medium,unique,b b hotel paris 17 batignolles|paris|4 bd berthier,no,yes,out_of_profile_geography,no,https://www.google.com/maps/search/?api=1&query=B%26B%20HOTEL%20Paris%2017%20Batignolles&query_place_id=ChIJX7l02dBv5kcRv2QC8Zx-J1s,Medium | B | strong_icp_fit | independent_signal | preferred_hotel_type | out_of_profile_geography
acc_1d94282cd7ac,42,Paris 100.csv,Hotel Paris Vaugirard,hotel paris vaugirard,FR,Paris,,403 Rue de Vaugirard,https://www.hotel-paris-vaugirard.com/fr/,hotel-paris-vaugirard.com,+33 1 48 28 18 72,Hotel,Preferred hotel,Out-of-profile geography,Independent candidate,Independent operator candidate,4.2,1902,76.0,Keep,no,10.0,website_present | phone_present | category_present | reviews_present,manual_review,Likely shorter owner_gm_cycle,High,3.0,Weak,Low,no_major_gap,0,geo_mismatch,B,geo_mismatch,strong_icp_fit | independent_signal | preferred_hotel_type | out_of_profile_geography,74.94,7.49,Medium,unique,hotel paris vaugirard|paris|403 rue de vaugirard,no,yes,out_of_profile_geography,no,https://www.google.com/maps/search/?api=1&query=Hotel%20Paris%20Vaugirard&query_place_id=ChIJK89My21w5kcR1Q91NYFX9qg,Medium | B | strong_icp_fit | independent_signal | preferred_hotel_type | out_of_profile_geography
acc_8ce07fb1d88c,43,Paris 100.csv,New Hotel République,new hotel r publique,FR,Paris,,25 Rue du Grand Prieuré,https://www.new-hotel.com/hotel-paris/new-hotel-republique/,new-hotel.com,+33 1 48 07 55 25,Hotel,Preferred hotel,Out-of-profile geography,Independent candidate,Independent operator candidate,4.2,856,76.0,Keep,no,10.0,website_present | phone_present | category_present | reviews_present,manual_review,Likely shorter owner_gm_cycle,High,3.0,Weak,Low,no_major_gap,0,geo_mismatch,B,geo_mismatch,strong_icp_fit | independent_signal | preferred_hotel_type | out_of_profile_geography,74.94,7.49,Medium,unique,new hotel r publique|paris|25 rue du grand prieur,no,yes,out_of_profile_geography,no,https://www.google.com/maps/search/?api=1&query=New%20Hotel%20R%C3%A9publique&query_place_id=ChIJtT3xseJt5kcRz-VSn-5e2i4,Medium | B | strong_icp_fit | independent_signal | preferred_hotel_type | out_of_profile_geography
acc_406701efa5d0,44,Paris 100.csv,Hôtel des Batignolles,h tel des batignolles,FR,Paris,,26–28 Rue des Batignolles,http://www.batignolles.com/,batignolles.com,+33 1 43 87 70 40,Hotel,Preferred hotel,Out-of-profile geography,Independent candidate,Independent operator candidate,4.2,772,76.0,Keep,no,10.0,website_present | phone_present | category_present | reviews_present,manual_review,Likely shorter owner_gm_cycle,High,3.0,Strong,Low,no_major_gap,0,geo_mismatch,B,geo_mismatch,strong_icp_fit | independent_signal | preferred_hotel_type | out_of_profile_geography,74.94,7.49,Medium,unique,h tel des batignolles|paris|26 28 rue des batignolles,no,yes,out_of_profile_geography,no,https://www.google.com/maps/search/?api=1&query=H%C3%B4tel%20des%20Batignolles&query_place_id=ChIJ_zxGHLJv5kcRXwA_T19oKRU,Medium | B | strong_icp_fit | independent_signal | preferred_hotel_type | out_of_profile_geography
acc_babdb6116489,45,Paris 100.csv,Hôtel du Prince Eugène,h tel du prince eug ne,FR,Paris,,247 Bd Voltaire,https://www.hotelprinceeugene.com/,hotelprinceeugene.com,+33 1 43 71 22 81,Hotel,Preferred hotel,Out-of-profile geography,Independent candidate,Independent operator candidate,4.2,523,76.0,Keep,no,10.0,website_present | phone_present | category_present | reviews_present,manual_review,Likely shorter owner_gm_cycle,High,3.0,Strong,Low,no_major_gap,0,geo_mismatch,B,geo_mismatch,strong_icp_fit | independent_signal | preferred_hotel_type | out_of_profile_geography,74.94,7.49,Medium,unique,h tel du prince eug ne|paris|247 bd voltaire,no,yes,out_of_profile_geography,no,https://www.google.com/maps/search/?api=1&query=H%C3%B4tel%20du%20Prince%20Eug%C3%A8ne&query_place_id=ChIJaVloenRy5kcRhA5hO7IGMoQ,Medium | B | strong_icp_fit | independent_signal | preferred_hotel_type | out_of_profile_geography
acc_51390a045285,46,Paris 100.csv,Hôtel L'Interlude,h tel l interlude,FR,Paris,,258 Av. Daumesnil,http://www.hotelinterlude.com/,hotelinterlude.com,+33 1 43 43 61 36,Hotel,Preferred hotel,Out-of-profile geography,Independent candidate,Independent operator candidate,4.1,744,76.0,Keep,no,10.0,website_present | phone_present | category_present | reviews_present,manual_review,Likely shorter owner_gm_cycle,High,3.0,Strong,Low,no_major_gap,0,geo_mismatch,B,geo_mismatch,strong_icp_fit | independent_signal | preferred_hotel_type | out_of_profile_geography,74.92,7.49,Medium,unique,h tel l interlude|paris|258 av daumesnil,no,yes,out_of_profile_geography,no,https://www.google.com/maps/search/?api=1&query=H%C3%B4tel%20L'Interlude&query_place_id=ChIJveJzOWdy5kcRb28_D-AGIeE,Medium | B | strong_icp_fit | independent_signal | preferred_hotel_type | out_of_profile_geography
acc_c98b15cfab25,47,Paris 100.csv,Charing Cross,charing cross,FR,Paris,,39 Rue Pasquier,http://www.charingcrosshotel.com/,charingcrosshotel.com,+33 1 43 87 41 04,Hotel,Preferred hotel,Out-of-profile geography,Independent candidate,Independent operator candidate,4.1,590,76.0,Keep,no,10.0,website_present | phone_present | category_present | reviews_present,manual_review,Likely shorter owner_gm_cycle,High,3.0,Strong,Low,no_major_gap,0,geo_mismatch,B,geo_mismatch,strong_icp_fit | independent_signal | preferred_hotel_type | out_of_profile_geography,74.92,7.49,Medium,unique,charing cross|paris|39 rue pasquier,no,yes,out_of_profile_geography,no,https://www.google.com/maps/search/?api=1&query=Charing%20Cross&query_place_id=ChIJrd_lLTVu5kcRf16HbopyHk8,Medium | B | strong_icp_fit | independent_signal | preferred_hotel_type | out_of_profile_geography
acc_728d71cfcbac,48,Paris 100.csv,Hotel Peyris Opera,hotel peyris opera,FR,Paris,,10 Rue du Conservatoire,http://www.hotel-peyris.com/,hotel-peyris.com,+33 1 47 70 50 83,Hotel,Preferred hotel,Out-of-profile geography,Independent candidate,Independent operator candidate,4.0,816,76.0,Keep,no,10.0,website_present | phone_present | category_present | reviews_present,manual_review,Likely shorter owner_gm_cycle,High,3.0,Strong,Low,no_major_gap,0,geo_mismatch,B,geo_mismatch,strong_icp_fit | independent_signal | preferred_hotel_type | out_of_profile_geography,74.9,7.49,Medium,unique,hotel peyris opera|paris|10 rue du conservatoire,no,yes,out_of_profile_geography,no,https://www.google.com/maps/search/?api=1&query=Hotel%20Peyris%20Opera&query_place_id=ChIJSw3MdRVu5kcRD6RudScuyPI,Medium | B | strong_icp_fit | independent_signal | preferred_hotel_type | out_of_profile_geography
acc_e4cbea3e6af2,49,Paris 100.csv,Hôtel Westside Arc de Triomphe,h tel westside arc de triomphe,FR,Paris,,36 Rue Pierre Demours,http://www.hotelwestside.com/,hotelwestside.com,+33 1 47 64 67 67,Hotel,Preferred hotel,Out-of-profile geography,Independent candidate,Independent operator candidate,4.0,558,76.0,Keep,no,10.0,website_present | phone_present | category_present | reviews_present,manual_review,Likely shorter owner_gm_cycle,High,3.0,Strong,Low,no_major_gap,0,geo_mismatch,B,geo_mismatch,strong_icp_fit | independent_signal | preferred_hotel_type | out_of_profile_geography,74.9,7.49,Medium,unique,h tel westside arc de triomphe|paris|36 rue pierre demours,no,yes,out_of_profile_geography,no,https://www.google.com/maps/search/?api=1&query=H%C3%B4tel%20Westside%20Arc%20de%20Triomphe&query_place_id=ChIJuz8N65Nv5kcRTI9mFPVT5dA,Medium | B | strong_icp_fit | independent_signal | preferred_hotel_type | out_of_profile_geography
acc_ac992a4567eb,50,Paris 100.csv,Est Hotel Paris,est hotel paris,FR,Paris,,49 Bd de Magenta,http://www.est-hotel-paris.com/,est-hotel-paris.com,+33 1 42 40 15 99,Hotel,Preferred hotel,Out-of-profile geography,Independent candidate,Independent operator candidate,3.9,967,76.0,Keep,no,10.0,website_present | phone_present | category_present | reviews_present,manual_review,Likely shorter owner_gm_cycle,High,3.0,Strong,Low,no_major_gap,0,geo_mismatch,B,geo_mismatch,strong_icp_fit | independent_signal | preferred_hotel_type | out_of_profile_geography,74.88,7.49,Medium,unique,est hotel paris|paris|49 bd de magenta,no,yes,out_of_profile_geography,no,https://www.google.com/maps/search/?api=1&query=Est%20Hotel%20Paris&query_place_id=ChIJ-zBAow1u5kcREVKcvMnRQZQ,Medium | B | strong_icp_fit | independent_signal | preferred_hotel_type | out_of_profile_geography
acc_1aa266fd5a17,51,Paris 100.csv,Andréa Hotel - Paris Marais,andr a hotel paris marais,FR,Paris,,3 Rue Saint-Bon,https://hotelandrea.paris/fr/,hotelandrea.paris,+33 1 42 78 43 93,Hotel,Preferred hotel,Out-of-profile geography,Independent candidate,Independent operator candidate,3.9,699,76.0,Keep,no,10.0,website_present | phone_present | category_present | reviews_present,manual_review,Likely shorter owner_gm_cycle,High,3.0,Weak,Low,no_major_gap,0,geo_mismatch,B,geo_mismatch,strong_icp_fit | independent_signal | preferred_hotel_type | out_of_profile_geography,74.88,7.49,Medium,unique,andr a hotel paris marais|paris|3 rue saint bon,no,yes,out_of_profile_geography,no,https://www.google.com/maps/search/?api=1&query=Andr%C3%A9a%20Hotel%20-%20Paris%20Marais&query_place_id=ChIJ-T7A1x1u5kcRBZG7UmOau8A,Medium | B | strong_icp_fit | independent_signal | preferred_hotel_type | out_of_profile_geography
acc_4b2c5cfa1660,52,Paris 100.csv,Paris Lafayette Hotel,paris lafayette hotel,FR,Paris,,23 Rue des Messageries,http://www.hotelparislafayette.com/,hotelparislafayette.com,+33 1 48 00 00 11,Hotel,Preferred hotel,Out-of-profile geography,Independent candidate,Independent operator candidate,3.8,1249,76.0,Keep,no,10.0,website_present | phone_present | category_present | reviews_present,manual_review,Likely shorter owner_gm_cycle,High,3.0,Strong,Low,no_major_gap,0,geo_mismatch,B,geo_mismatch,strong_icp_fit | independent_signal | preferred_hotel_type | out_of_profile_geography,74.86,7.49,Medium,unique,paris lafayette hotel|paris|23 rue des messageries,no,yes,out_of_profile_geography,no,https://www.google.com/maps/search/?api=1&query=Paris%20Lafayette%20Hotel&query_place_id=ChIJoeGMMmtu5kcRW0PIRo_mOnE,Medium | B | strong_icp_fit | independent_signal | preferred_hotel_type | out_of_profile_geography
acc_0f55270c1630,53,Paris 100.csv,Hôtel Eiffel Rive Gauche,h tel eiffel rive gauche,FR,Paris,,6 Rue du Gros Caillou,http://www.hoteleiffelrivegauche.com/,hoteleiffelrivegauche.com,+33 1 45 51 51 51,Hotel,Preferred hotel,Out-of-profile geography,Independent candidate,Independent operator candidate,3.8,785,76.0,Keep,no,10.0,website_present | phone_present | category_present | reviews_present,manual_review,Likely shorter owner_gm_cycle,High,3.0,Strong,Low,no_major_gap,0,geo_mismatch,B,geo_mismatch,strong_icp_fit | independent_signal | preferred_hotel_type | out_of_profile_geography,74.86,7.49,Medium,unique,h tel eiffel rive gauche|paris|6 rue du gros caillou,no,yes,out_of_profile_geography,no,https://www.google.com/maps/search/?api=1&query=H%C3%B4tel%20Eiffel%20Rive%20Gauche&query_place_id=ChIJPdiveN9v5kcRo577dqjiBmg,Medium | B | strong_icp_fit | independent_signal | preferred_hotel_type | out_of_profile_geography
acc_0f1b80dc5116,54,Paris 100.csv,Nouvel Hôtel,nouvel h tel,FR,Paris,,24 Av. du Bel air,https://nouvel-hotel-paris.com/,nouvel-hotel-paris.com,+33 1 43 43 01 81,Hotel,Preferred hotel,Out-of-profile geography,Independent candidate,Independent operator candidate,3.8,545,76.0,Keep,no,10.0,website_present | phone_present | category_present | reviews_present,manual_review,Likely shorter owner_gm_cycle,High,3.0,Strong,Low,no_major_gap,0,geo_mismatch,B,geo_mismatch,strong_icp_fit | independent_signal | preferred_hotel_type | out_of_profile_geography,74.86,7.49,Medium,unique,nouvel h tel|paris|24 av du bel air,no,yes,out_of_profile_geography,no,https://www.google.com/maps/search/?api=1&query=Nouvel%20H%C3%B4tel&query_place_id=ChIJO0IPUnBy5kcRZ-gNsZsC3ms,Medium | B | strong_icp_fit | independent_signal | preferred_hotel_type | out_of_profile_geography
acc_a4e6add71a27,55,Paris 100.csv,Hôtel Montpensier,h tel montpensier,FR,Paris,,12 Rue de Richelieu,http://www.hotelmontpensierparis.com/,hotelmontpensierparis.com,+33 1 42 96 28 50,Hotel,Preferred hotel,Out-of-profile geography,Independent candidate,Independent operator candidate,4.0,474,76.0,Keep,no,10.0,website_present | phone_present | category_present | reviews_present,manual_review,Likely shorter owner_gm_cycle,High,3.0,Strong,Low,no_major_gap,0,geo_mismatch,B,geo_mismatch,strong_icp_fit | independent_signal | preferred_hotel_type | out_of_profile_geography,74.85,7.48,Medium,unique,h tel montpensier|paris|12 rue de richelieu,no,yes,out_of_profile_geography,no,https://www.google.com/maps/search/?api=1&query=H%C3%B4tel%20Montpensier&query_place_id=ChIJQeJsBiVu5kcRWEuZ-rXcca4,Medium | B | strong_icp_fit | independent_signal | preferred_hotel_type | out_of_profile_geography
acc_4d01647687a8,56,Paris 100.csv,Timhotel Nation,timhotel nation,FR,Paris,,7 Rue d'Avron,https://www.timhotel.com/fr/timhotel-nation-3_12?utm_medium=social&utm_source=GoogleMyBusiness&utm_campaign=page-hotel,timhotel.com,+33 1 43 56 29 29,Hotel,Preferred hotel,Out-of-profile geography,Independent candidate,Independent operator candidate,3.6,629,76.0,Keep,no,10.0,website_present | phone_present | category_present | reviews_present,manual_review,Likely shorter owner_gm_cycle,High,3.0,Weak,Low,no_major_gap,0,geo_mismatch,B,geo_mismatch,strong_icp_fit | independent_signal | preferred_hotel_type | out_of_profile_geography,74.82,7.48,Medium,unique,timhotel nation|paris|7 rue d avron,no,yes,out_of_profile_geography,no,https://www.google.com/maps/search/?api=1&query=Timhotel%20Nation&query_place_id=ChIJw6Qja3dy5kcR2YrFj66jZig,Medium | B | strong_icp_fit | independent_signal | preferred_hotel_type | out_of_profile_geography
acc_6463d9d0e060,57,Paris 100.csv,Lux Hôtel Picpus,lux h tel picpus,FR,Paris,,74 Bd de Picpus,https://www.lux-hotel-picpus.com/,lux-hotel-picpus.com,+33 1 43 43 08 46,Hotel,Preferred hotel,Out-of-profile geography,Independent candidate,Independent operator candidate,4.1,435,76.0,Keep,no,10.0,website_present | phone_present | category_present | reviews_present,manual_review,Likely shorter owner_gm_cycle,High,3.0,Strong,Low,no_major_gap,0,geo_mismatch,B,geo_mismatch,strong_icp_fit | independent_signal | preferred_hotel_type | out_of_profile_geography,74.79,7.48,Medium,unique,lux h tel picpus|paris|74 bd de picpus,no,yes,out_of_profile_geography,no,https://www.google.com/maps/search/?api=1&query=Lux%20H%C3%B4tel%20Picpus&query_place_id=ChIJXWiPHg5y5kcRWUQUoQOwx5I,Medium | B | strong_icp_fit | independent_signal | preferred_hotel_type | out_of_profile_geography
acc_91a704c4225b,58,Paris 100.csv,Victoria Hotel,victoria hotel,FR,Paris,,2bis Cité Bergère,http://www.hotelvictoriaparis.com/fr/index.php,hotelvictoriaparis.com,+33 1 47 70 20 01,Hotel,Preferred hotel,Out-of-profile geography,Independent candidate,Independent operator candidate,3.4,1534,76.0,Keep,no,10.0,website_present | phone_present | category_present | reviews_present,manual_review,Likely shorter owner_gm_cycle,High,3.0,Weak,Low,no_major_gap,0,geo_mismatch,B,geo_mismatch,strong_icp_fit | independent_signal | preferred_hotel_type | out_of_profile_geography,74.78,7.48,Medium,unique,victoria hotel|paris|2bis cit berg re,no,yes,out_of_profile_geography,no,https://www.google.com/maps/search/?api=1&query=Victoria%20Hotel&query_place_id=ChIJYcLafD5u5kcRocg_4iRppKs,Medium | B | strong_icp_fit | independent_signal | preferred_hotel_type | out_of_profile_geography
acc_1224a5612346,59,Paris 100.csv,Hôtel Saint Cyr Etoile,h tel saint cyr etoile,FR,Paris,,101 Av. des Ternes,http://www.hotelstcyr-paris.com/,hotelstcyr-paris.com,+33 1 45 74 87 42,Hotel,Preferred hotel,Out-of-profile geography,Independent candidate,Independent operator candidate,4.3,402,76.0,Keep,no,10.0,website_present | phone_present | category_present | reviews_present,manual_review,Likely shorter owner_gm_cycle,High,3.0,Strong,Low,no_major_gap,0,geo_mismatch,B,geo_mismatch,strong_icp_fit | independent_signal | preferred_hotel_type | out_of_profile_geography,74.76,7.48,Medium,unique,h tel saint cyr etoile|paris|101 av des ternes,no,yes,out_of_profile_geography,no,https://www.google.com/maps/search/?api=1&query=H%C3%B4tel%20Saint%20Cyr%20Etoile&query_place_id=ChIJlVBAZIxv5kcRMP-3OeKWf8c,Medium | B | strong_icp_fit | independent_signal | preferred_hotel_type | out_of_profile_geography
acc_5e7a80ad157e,60,Paris 100.csv,Hôtel de Castiglione,h tel de castiglione,FR,Paris,,38-40 Rue du Faubourg Saint-Honoré,http://www.castiglionehotel.com/,castiglionehotel.com,+33 1 44 94 25 25,Hotel,Preferred hotel,Out-of-profile geography,Independent candidate,Independent operator candidate,3.3,1185,76.0,Keep,no,10.0,website_present | phone_present | category_present | reviews_present,manual_review,Likely shorter owner_gm_cycle,High,3.0,Strong,Low,no_major_gap,0,geo_mismatch,B,geo_mismatch,strong_icp_fit | independent_signal | preferred_hotel_type | out_of_profile_geography,74.76,7.48,Medium,unique,h tel de castiglione|paris|38 40 rue du faubourg saint honor,no,yes,out_of_profile_geography,no,https://www.google.com/maps/search/?api=1&query=H%C3%B4tel%20de%20Castiglione&query_place_id=ChIJqbGEAc1v5kcREXOozIcP9xs,Medium | B | strong_icp_fit | independent_signal | preferred_hotel_type | out_of_profile_geography
acc_b36cabd458ab,61,Paris 100.csv,Hôtel de l'Europe,h tel de l europe,FR,Paris,,67 Rue des Moines,https://hoteleuropeparis.com/,hoteleuropeparis.com,+33 1 53 31 01 20,Hotel,Preferred hotel,Out-of-profile geography,Independent candidate,Independent operator candidate,3.3,659,76.0,Keep,no,10.0,website_present | phone_present | category_present | reviews_present,manual_review,Likely shorter owner_gm_cycle,High,3.0,Strong,Low,no_major_gap,0,geo_mismatch,B,geo_mismatch,strong_icp_fit | independent_signal | preferred_hotel_type | out_of_profile_geography,74.76,7.48,Medium,unique,h tel de l europe|paris|67 rue des moines,no,yes,out_of_profile_geography,no,https://www.google.com/maps/search/?api=1&query=H%C3%B4tel%20de%20l'Europe&query_place_id=ChIJG3DuZaxv5kcRyvADejE7wos,Medium | B | strong_icp_fit | independent_signal | preferred_hotel_type | out_of_profile_geography
acc_9ba06ae226e8,62,Paris 100.csv,Hôtel Le Twelve,h tel le twelve,FR,Paris,,82 Av. du Dr Arnold Netter,http://www.hotel-twelve.com/,hotel-twelve.com,+33 1 43 43 78 50,Hotel,Preferred hotel,Out-of-profile geography,Independent candidate,Independent operator candidate,3.3,552,76.0,Keep,no,10.0,website_present | phone_present | category_present | reviews_present,manual_review,Likely shorter owner_gm_cycle,High,3.0,Strong,Low,no_major_gap,0,geo_mismatch,B,geo_mismatch,strong_icp_fit | independent_signal | preferred_hotel_type | out_of_profile_geography,74.76,7.48,Medium,unique,h tel le twelve|paris|82 av du dr arnold netter,no,yes,out_of_profile_geography,no,https://www.google.com/maps/search/?api=1&query=H%C3%B4tel%20Le%20Twelve&query_place_id=ChIJ0WIYmnxy5kcRx-wi9-YsxIg,Medium | B | strong_icp_fit | independent_signal | preferred_hotel_type | out_of_profile_geography
acc_bfdf29e273cf,63,Paris 100.csv,Hôtel de L'Union,h tel de l union,FR,Paris,,65 Rue des Pyrénées,http://www.hotelunion-paris.com/,hotelunion-paris.com,+33 1 43 73 20 97,Hotel,Preferred hotel,Out-of-profile geography,Independent candidate,Independent operator candidate,3.9,430,76.0,Keep,no,10.0,website_present | phone_present | category_present | reviews_present,manual_review,Likely shorter owner_gm_cycle,High,3.0,Strong,Low,no_major_gap,0,geo_mismatch,B,geo_mismatch,strong_icp_fit | independent_signal | preferred_hotel_type | out_of_profile_geography,74.74,7.47,Medium,unique,h tel de l union|paris|65 rue des pyr n es,no,yes,out_of_profile_geography,no,https://www.google.com/maps/search/?api=1&query=H%C3%B4tel%20de%20L'Union&query_place_id=ChIJ5Sgt1Xhy5kcRHiTmOUMi490,Medium | B | strong_icp_fit | independent_signal | preferred_hotel_type | out_of_profile_geography
acc_ccd982e41122,64,Paris 100.csv,Hôtel Claret Bercy,h tel claret bercy,FR,Paris,,44 Bd de Bercy,http://hotel-claret.com/,hotel-claret.com,+33 1 46 28 41 31,Hotel,Preferred hotel,Out-of-profile geography,Independent candidate,Independent operator candidate,3.1,1041,76.0,Keep,no,10.0,website_present | phone_present | category_present | reviews_present,manual_review,Likely shorter owner_gm_cycle,High,3.0,Strong,Low,no_major_gap,0,geo_mismatch,B,geo_mismatch,strong_icp_fit | independent_signal | preferred_hotel_type | out_of_profile_geography,74.72,7.47,Medium,unique,h tel claret bercy|paris|44 bd de bercy,no,yes,out_of_profile_geography,no,https://www.google.com/maps/search/?api=1&query=H%C3%B4tel%20Claret%20Bercy&query_place_id=ChIJ5ZsFrhZy5kcRqzuGyYue67I,Medium | B | strong_icp_fit | independent_signal | preferred_hotel_type | out_of_profile_geography
acc_5af4c207f140,65,Paris 100.csv,Hôtel Eiffel Kensington,h tel eiffel kensington,FR,Paris,,79 Av. de la Bourdonnais,https://www.hoteleiffel.fr/,hoteleiffel.fr,+33 1 47 05 74 00,Hotel,Preferred hotel,Out-of-profile geography,Independent candidate,Independent operator candidate,3.1,624,76.0,Keep,no,10.0,website_present | phone_present | category_present | reviews_present,manual_review,Likely shorter owner_gm_cycle,High,3.0,Strong,Low,no_major_gap,0,geo_mismatch,B,geo_mismatch,strong_icp_fit | independent_signal | preferred_hotel_type | out_of_profile_geography,74.72,7.47,Medium,unique,h tel eiffel kensington|paris|79 av de la bourdonnais,no,yes,out_of_profile_geography,no,https://www.google.com/maps/search/?api=1&query=H%C3%B4tel%20Eiffel%20Kensington&query_place_id=ChIJC73PfCBw5kcRMlLRLrjmZdE,Medium | B | strong_icp_fit | independent_signal | preferred_hotel_type | out_of_profile_geography
acc_d883df97604a,66,Paris 100.csv,Hotel de la Bretonnerie,hotel de la bretonnerie,FR,Paris,,22 Rue Sainte-Croix de la Bretonnerie,https://www.hotelparismaraisbretonnerie.com/,hotelparismaraisbretonnerie.com,+33 1 48 87 77 63,Hotel,Preferred hotel,Out-of-profile geography,Independent candidate,Independent operator candidate,4.3,346,76.0,Keep,no,10.0,website_present | phone_present | category_present | reviews_present,manual_review,Likely shorter owner_gm_cycle,High,3.0,Strong,Low,no_major_gap,0,geo_mismatch,B,geo_mismatch,strong_icp_fit | independent_signal | preferred_hotel_type | out_of_profile_geography,74.65,7.47,Medium,unique,hotel de la bretonnerie|paris|22 rue sainte croix de la bretonnerie,no,yes,out_of_profile_geography,no,https://www.google.com/maps/search/?api=1&query=Hotel%20de%20la%20Bretonnerie&query_place_id=ChIJGwxd1AJu5kcR5SMXOPEoq5Y,Medium | B | strong_icp_fit | independent_signal | preferred_hotel_type | out_of_profile_geography
acc_db04f2d02f44,67,Paris 100.csv,Hôtel les Jardins du Luxembourg,h tel les jardins du luxembourg,FR,Paris,,5 Imp. Royer-Collard,https://www.hoteljardinsluxembourg.com/,hoteljardinsluxembourg.com,+33 1 40 46 08 88,Hotel,Preferred hotel,Out-of-profile geography,Independent candidate,Independent operator candidate,4.6,309,76.0,Keep,no,10.0,website_present | phone_present | category_present | reviews_present,manual_review,Likely shorter owner_gm_cycle,High,3.0,Strong,Low,no_major_gap,0,geo_mismatch,B,geo_mismatch,strong_icp_fit | independent_signal | preferred_hotel_type | out_of_profile_geography,74.64,7.46,Medium,unique,h tel les jardins du luxembourg|paris|5 imp royer collard,no,yes,out_of_profile_geography,no,https://www.google.com/maps/search/?api=1&query=H%C3%B4tel%20les%20Jardins%20du%20Luxembourg&query_place_id=ChIJG9212cJx5kcRK366qg-DYCU,Medium | B | strong_icp_fit | independent_signal | preferred_hotel_type | out_of_profile_geography
acc_363e20de0bd1,68,Paris 100.csv,Simon's Boutique Hotel,simon s boutique hotel,FR,Paris,,69 Rue Riquet,https://simons-hotel.paris/,simons-hotel.paris,+33 1 88 40 16 00,Hotel,Preferred hotel,Out-of-profile geography,Independent candidate,Independent operator candidate,4.2,345,76.0,Keep,no,10.0,website_present | phone_present | category_present | reviews_present,manual_review,Likely shorter owner_gm_cycle,High,3.0,Strong,Low,no_major_gap,0,geo_mismatch,B,geo_mismatch,strong_icp_fit | independent_signal | preferred_hotel_type | out_of_profile_geography,74.63,7.46,Medium,unique,simon s boutique hotel|paris|69 rue riquet,no,yes,out_of_profile_geography,no,https://www.google.com/maps/search/?api=1&query=Simon's%20Boutique%20Hotel&query_place_id=ChIJcfnyvntu5kcRTIVkG_G3P1k,Medium | B | strong_icp_fit | independent_signal | preferred_hotel_type | out_of_profile_geography
acc_72393704474a,69,Paris 100.csv,Hôtel PARIS LEGENDRE,h tel paris legendre,FR,Paris,,149 Rue Legendre,http://www.hotelparislegendre.com/,hotelparislegendre.com,+33 1 46 27 51 73,Hotel,Preferred hotel,Out-of-profile geography,Independent candidate,Independent operator candidate,3.1,452,76.0,Keep,no,10.0,website_present | phone_present | category_present | reviews_present,manual_review,Likely shorter owner_gm_cycle,High,3.0,Strong,Low,no_major_gap,0,geo_mismatch,B,geo_mismatch,strong_icp_fit | independent_signal | preferred_hotel_type | out_of_profile_geography,74.62,7.46,Medium,unique,h tel paris legendre|paris|149 rue legendre,no,yes,out_of_profile_geography,no,https://www.google.com/maps/search/?api=1&query=H%C3%B4tel%20PARIS%20LEGENDRE&query_place_id=ChIJJcgHyaxv5kcR33L7vxNxCNw,Medium | B | strong_icp_fit | independent_signal | preferred_hotel_type | out_of_profile_geography
acc_0216994742d5,70,Paris 100.csv,Fertel Maillot,fertel maillot,FR,Paris,,269 Bd Pereire,http://www.hotelfertelmaillot.com/,hotelfertelmaillot.com,+33 1 44 09 92 92,Hotel,Preferred hotel,Out-of-profile geography,Independent candidate,Independent operator candidate,4.0,338,76.0,Keep,no,10.0,website_present | phone_present | category_present | reviews_present,manual_review,Likely shorter owner_gm_cycle,High,3.0,Strong,Low,no_major_gap,0,geo_mismatch,B,geo_mismatch,strong_icp_fit | independent_signal | preferred_hotel_type | out_of_profile_geography,74.58,7.46,Medium,unique,fertel maillot|paris|269 bd pereire,no,yes,out_of_profile_geography,no,https://www.google.com/maps/search/?api=1&query=Fertel%20Maillot&query_place_id=ChIJNUkbr4xv5kcRhTqZsSMsvAQ,Medium | B | strong_icp_fit | independent_signal | preferred_hotel_type | out_of_profile_geography
acc_f36e2cb0df1e,71,Paris 100.csv,Hotel Des Deux-Iles,hotel des deux iles,FR,Paris,,59 Rue Saint-Louis en l'Île,http://www.hoteldesdeuxiles.com/,hoteldesdeuxiles.com,+33 1 43 26 13 35,Hotel,Preferred hotel,Out-of-profile geography,Independent candidate,Independent operator candidate,4.7,266,76.0,Keep,no,10.0,website_present | phone_present | category_present | reviews_present,manual_review,Likely shorter owner_gm_cycle,High,3.0,Strong,Low,no_major_gap,0,geo_mismatch,B,geo_mismatch,strong_icp_fit | independent_signal | preferred_hotel_type | out_of_profile_geography,74.57,7.46,Medium,unique,hotel des deux iles|paris|59 rue saint louis en l le,no,yes,out_of_profile_geography,no,https://www.google.com/maps/search/?api=1&query=Hotel%20Des%20Deux-Iles&query_place_id=ChIJXwkKNuNx5kcRKzpgKCjT-9E,Medium | B | strong_icp_fit | independent_signal | preferred_hotel_type | out_of_profile_geography
acc_d78cb9e9a67b,72,Paris 100.csv,Hôtel Riesner,h tel riesner,FR,Paris,,19 Rue d'Austerlitz,https://www.hotelriesner.com/,hotelriesner.com,+33 1 40 19 04 05,Hotel,Preferred hotel,Out-of-profile geography,Independent candidate,Independent operator candidate,4.7,262,76.0,Keep,no,10.0,website_present | phone_present | category_present | reviews_present,manual_review,Likely shorter owner_gm_cycle,High,3.0,Strong,Low,no_major_gap,0,geo_mismatch,B,geo_mismatch,strong_icp_fit | independent_signal | preferred_hotel_type | out_of_profile_geography,74.56,7.46,Medium,unique,h tel riesner|paris|19 rue d austerlitz,no,yes,out_of_profile_geography,no,https://www.google.com/maps/search/?api=1&query=H%C3%B4tel%20Riesner&query_place_id=ChIJB6k-9-pz5kcRbOCN-dFi5qM,Medium | B | strong_icp_fit | independent_signal | preferred_hotel_type | out_of_profile_geography
acc_a683d397e3c5,73,Paris 100.csv,Hôtel Dupond-Smith,h tel dupond smith,FR,Paris,,2 Rue des Guillemites,http://www.hoteldupondsmith.com/,hoteldupondsmith.com,+33 1 42 76 88 99,Hotel,Preferred hotel,Out-of-profile geography,Independent candidate,Independent operator candidate,4.8,224,76.0,Keep,no,10.0,website_present | phone_present | category_present | reviews_present,manual_review,Likely shorter owner_gm_cycle,High,3.0,Strong,Low,no_major_gap,0,geo_mismatch,B,geo_mismatch,strong_icp_fit | independent_signal | preferred_hotel_type | out_of_profile_geography,74.51,7.45,Medium,unique,h tel dupond smith|paris|2 rue des guillemites,no,yes,out_of_profile_geography,no,https://www.google.com/maps/search/?api=1&query=H%C3%B4tel%20Dupond-Smith&query_place_id=ChIJWQ3QwgJu5kcRa80_dPMcbD0,Medium | B | strong_icp_fit | independent_signal | preferred_hotel_type | out_of_profile_geography
acc_5e82f87396c6,74,Paris 100.csv,Hotel Amélie,hotel am lie,FR,Paris,,5 Rue Amélie,http://www.hotelamelie-paris.com/,hotelamelie-paris.com,+33 1 45 51 74 75,Hotel,Preferred hotel,Out-of-profile geography,Independent candidate,Independent operator candidate,4.1,275,76.0,Keep,no,10.0,website_present | phone_present | category_present | reviews_present,manual_review,Likely shorter owner_gm_cycle,High,3.0,Strong,Low,no_major_gap,0,geo_mismatch,B,geo_mismatch,strong_icp_fit | independent_signal | preferred_hotel_type | out_of_profile_geography,74.47,7.45,Medium,unique,hotel am lie|paris|5 rue am lie,no,yes,out_of_profile_geography,no,https://www.google.com/maps/search/?api=1&query=Hotel%20Am%C3%A9lie&query_place_id=ChIJGWpI49hv5kcR89snoY6nJEk,Medium | B | strong_icp_fit | independent_signal | preferred_hotel_type | out_of_profile_geography
acc_7670598e37fd,75,Paris 100.csv,Hotel Florida Paris,hotel florida paris,FR,Paris,,12 Bd Malesherbes,https://www.hotelfloridaparis.com/,hotelfloridaparis.com,+33 1 42 65 72 06,Hotel,Preferred hotel,Out-of-profile geography,Independent candidate,Independent operator candidate,4.7,192,76.0,Keep,no,10.0,website_present | phone_present | category_present | reviews_present,manual_review,Likely shorter owner_gm_cycle,High,3.0,Strong,Low,no_major_gap,0,geo_mismatch,B,geo_mismatch,strong_icp_fit | independent_signal | preferred_hotel_type | out_of_profile_geography,74.42,7.44,Medium,unique,hotel florida paris|paris|12 bd malesherbes,no,yes,out_of_profile_geography,no,https://www.google.com/maps/search/?api=1&query=Hotel%20Florida%20Paris&query_place_id=ChIJDxQwpsxv5kcRAdHRci7Tz9Y,Medium | B | strong_icp_fit | independent_signal | preferred_hotel_type | out_of_profile_geography
acc_5ed87bc54c53,76,Paris 100.csv,Hôtel Du Château Vincennes,h tel du ch teau vincennes,FR,Vincennes,,1 Rue Robert Giraudineau,https://www.hotel-du-chateau.com/,hotel-du-chateau.com,+33 1 48 08 67 40,Hotel,Preferred hotel,Out-of-profile geography,Independent candidate,Independent operator candidate,3.8,260,76.0,Keep,no,10.0,website_present | phone_present | category_present | reviews_present,manual_review,Likely shorter owner_gm_cycle,High,3.0,Strong,Low,no_major_gap,0,geo_mismatch,B,geo_mismatch,strong_icp_fit | independent_signal | preferred_hotel_type | out_of_profile_geography,74.38,7.44,Medium,unique,h tel du ch teau vincennes|vincennes|1 rue robert giraudineau,no,yes,out_of_profile_geography,no,https://www.google.com/maps/search/?api=1&query=H%C3%B4tel%20Du%20Ch%C3%A2teau%20Vincennes&query_place_id=ChIJP900xqJy5kcRxjWWwNZVsdY,Medium | B | strong_icp_fit | independent_signal | preferred_hotel_type | out_of_profile_geography
acc_c4a06723ceb9,77,Paris 100.csv,Hôtel Saint-Louis en l'Isle - Notre-Dame,h tel saint louis en l isle notre dame,FR,Paris,,75 Rue Saint-Louis en l'Île,http://www.saintlouisenlisle.com/,saintlouisenlisle.com,+33 1 46 34 04 80,Hotel,Preferred hotel,Out-of-profile geography,Independent candidate,Independent operator candidate,4.5,178,76.0,Keep,no,10.0,website_present | phone_present | category_present | reviews_present,manual_review,Likely shorter owner_gm_cycle,High,3.0,Strong,Low,no_major_gap,0,geo_mismatch,B,geo_mismatch,strong_icp_fit | independent_signal | preferred_hotel_type | out_of_profile_geography,74.36,7.44,Medium,unique,h tel saint louis en l isle notre dame|paris|75 rue saint louis en l le,no,yes,out_of_profile_geography,no,https://www.google.com/maps/search/?api=1&query=H%C3%B4tel%20Saint-Louis%20en%20l'Isle%20-%20Notre-Dame&query_place_id=ChIJnw7-O-Nx5kcRRmqhwXhpr_w,Medium | B | strong_icp_fit | independent_signal | preferred_hotel_type | out_of_profile_geography
acc_ecb163e3843c,78,Paris 100.csv,Hotel Le Daum Paris,hotel le daum paris,FR,Paris,,15 Rue Gossec,http://www.ledaum.com/,ledaum.com,+33 1 43 43 64 13,Hotel,Preferred hotel,Out-of-profile geography,Independent candidate,Independent operator candidate,4.4,186,76.0,Keep,no,10.0,website_present | phone_present | category_present | reviews_present,manual_review,Likely shorter owner_gm_cycle,High,3.0,Strong,Low,no_major_gap,0,geo_mismatch,B,geo_mismatch,strong_icp_fit | independent_signal | preferred_hotel_type | out_of_profile_geography,74.35,7.44,Medium,unique,hotel le daum paris|paris|15 rue gossec,no,yes,out_of_profile_geography,no,https://www.google.com/maps/search/?api=1&query=Hotel%20Le%20Daum%20Paris&query_place_id=ChIJ62Zgn25z5kcRvt_YCuDja7c,Medium | B | strong_icp_fit | independent_signal | preferred_hotel_type | out_of_profile_geography
acc_af8c00fd2ba0,79,Paris 100.csv,Hotel Terre Neuve,hotel terre neuve,FR,Paris,,22 bis Rue de Terre Neuve,https://hotelterreneuve.com/?utm_source=google&utm_medium=organic&utm_campaign=mybusiness,hotelterreneuve.com,+33 1 42 78 38 60,Hotel,Preferred hotel,Out-of-profile geography,Independent candidate,Independent operator candidate,4.3,193,76.0,Keep,no,10.0,website_present | phone_present | category_present | reviews_present,manual_review,Likely shorter owner_gm_cycle,High,3.0,Basic,Low,no_major_gap,0,geo_mismatch,B,geo_mismatch,strong_icp_fit | independent_signal | preferred_hotel_type | out_of_profile_geography,74.35,7.44,Medium,unique,hotel terre neuve|paris|22 bis rue de terre neuve,no,yes,out_of_profile_geography,no,https://www.google.com/maps/search/?api=1&query=Hotel%20Terre%20Neuve&query_place_id=ChIJpaNezndy5kcRrcMtOxTwl8w,Medium | B | strong_icp_fit | independent_signal | preferred_hotel_type | out_of_profile_geography
acc_c2b032d70036,80,Paris 100.csv,Hôtel Villa Glamour,h tel villa glamour,FR,Paris,,85 Rue de la Pompe,http://www.hotelvillaglamour.com/,hotelvillaglamour.com,+33 1 45 04 05 20,Hotel,Preferred hotel,Out-of-profile geography,Independent candidate,Independent operator candidate,4.4,149,76.0,Keep,no,10.0,website_present | phone_present | category_present | reviews_present,manual_review,Likely shorter owner_gm_cycle,High,3.0,Strong,Low,no_major_gap,0,geo_mismatch,B,geo_mismatch,strong_icp_fit | independent_signal | preferred_hotel_type | out_of_profile_geography,74.28,7.43,Medium,unique,h tel villa glamour|paris|85 rue de la pompe,no,yes,out_of_profile_geography,no,https://www.google.com/maps/search/?api=1&query=H%C3%B4tel%20Villa%20Glamour&query_place_id=ChIJiU43g_hv5kcRyIHJeHFx6lg,Medium | B | strong_icp_fit | independent_signal | preferred_hotel_type | out_of_profile_geography
acc_fe52c11ea352,81,Paris 100.csv,LALA Hôtel,lala h tel,FR,Paris,,3 Rue Darcet,http://www.lalahotel.com/,lalahotel.com,+33 1 85 09 51 40,Hotel,Preferred hotel,Out-of-profile geography,Independent candidate,Independent operator candidate,4.9,87,76.0,Keep,no,10.0,website_present | phone_present | category_present | reviews_present,manual_review,Likely shorter owner_gm_cycle,High,3.0,Strong,Low,no_major_gap,0,geo_mismatch,B,geo_mismatch,strong_icp_fit | independent_signal | preferred_hotel_type | out_of_profile_geography,74.25,7.42,Medium,unique,lala h tel|paris|3 rue darcet,no,yes,out_of_profile_geography,no,https://www.google.com/maps/search/?api=1&query=LALA%20H%C3%B4tel&query_place_id=ChIJq1Wdczlv5kcR9xGIeKNqzJU,Medium | B | strong_icp_fit | independent_signal | preferred_hotel_type | out_of_profile_geography
acc_de833d678b28,82,Paris 100.csv,Hôtel District Nation,h tel district nation,FR,Paris,,12 Rue Guénot,https://www.hoteldistrictnation.com/,hoteldistrictnation.com,+33 1 43 71 37 22,Hotel,Preferred hotel,Out-of-profile geography,Independent candidate,Independent operator candidate,4.3,130,76.0,Keep,no,10.0,website_present | phone_present | category_present | reviews_present,manual_review,Likely shorter owner_gm_cycle,High,3.0,Strong,Low,no_major_gap,0,geo_mismatch,B,geo_mismatch,strong_icp_fit | independent_signal | preferred_hotel_type | out_of_profile_geography,74.22,7.42,Medium,unique,h tel district nation|paris|12 rue gu not,no,yes,out_of_profile_geography,no,https://www.google.com/maps/search/?api=1&query=H%C3%B4tel%20District%20Nation&query_place_id=ChIJRz1KlBRz5kcR4YDCWl6Sw_4,Medium | B | strong_icp_fit | independent_signal | preferred_hotel_type | out_of_profile_geography
acc_0653ec02cd8b,83,Paris 100.csv,Hôtel Donjon Vincennes,h tel donjon vincennes,FR,Vincennes,,22 Rue du Donjon,http://www.hotel-donjon-vincennes.fr/,hotel-donjon-vincennes.fr,+33 1 43 28 19 17,Hotel,Preferred hotel,Out-of-profile geography,Independent candidate,Independent operator candidate,3.8,145,76.0,Keep,no,10.0,website_present | phone_present | category_present | reviews_present,manual_review,Likely shorter owner_gm_cycle,High,3.0,Strong,Low,no_major_gap,0,geo_mismatch,B,geo_mismatch,strong_icp_fit | independent_signal | preferred_hotel_type | out_of_profile_geography,74.15,7.42,Medium,unique,h tel donjon vincennes|vincennes|22 rue du donjon,no,yes,out_of_profile_geography,no,https://www.google.com/maps/search/?api=1&query=H%C3%B4tel%20Donjon%20Vincennes&query_place_id=ChIJH9y3lpdy5kcR09wRx-vvFEE,Medium | B | strong_icp_fit | independent_signal | preferred_hotel_type | out_of_profile_geography
acc_54dd80c32105,84,Paris 100.csv,Hôtel Paris 17 Tingis,h tel paris 17 tingis,FR,Paris,,2 Rue Émile Level,https://www.hoteltingis.com/fr/,hoteltingis.com,+33 1 46 27 96 12,Hotel,Preferred hotel,Out-of-profile geography,Independent candidate,Independent operator candidate,3.2,175,76.0,Keep,no,10.0,website_present | phone_present | category_present | reviews_present,manual_review,Likely shorter owner_gm_cycle,High,3.0,Weak,Low,no_major_gap,0,geo_mismatch,B,geo_mismatch,strong_icp_fit | independent_signal | preferred_hotel_type | out_of_profile_geography,74.09,7.41,Medium,unique,h tel paris 17 tingis|paris|2 rue mile level,no,yes,out_of_profile_geography,no,https://www.google.com/maps/search/?api=1&query=H%C3%B4tel%20Paris%2017%20Tingis&query_place_id=ChIJz4-kMYRv5kcRVmvmF6drDbg,Medium | B | strong_icp_fit | independent_signal | preferred_hotel_type | out_of_profile_geography
acc_c859fe5b1d98,85,Paris 100.csv,The People,the people,FR,Paris,,17 Bd Morland,https://www.thepeoplehostel.com/fr/destinations/paris-marais/,thepeoplehostel.com,+33 1 81 22 40 88,Hostel,Review type,Out-of-profile geography,Independent candidate,Independent operator candidate,4.1,1738,56.0,Review,no,10.0,website_present | phone_present | category_present | reviews_present,manual_review,Likely shorter owner_gm_cycle,High,3.0,Weak,Low,no_major_gap,0,geo_mismatch | review_type,C,geo_mismatch | review_type,review_fit | independent_signal | out_of_profile_geography | has_website,64.92,6.49,Low,unique,the people|paris|17 bd morland,no,yes,review_type | out_of_profile_geography,no,https://www.google.com/maps/search/?api=1&query=The%20People&query_place_id=ChIJjRraPPlx5kcRHCEo0fZXGmU,Low | C | review_fit | independent_signal | out_of_profile_geography | has_website
acc_d6114655d419,86,Paris 100.csv,Canopy by Hilton Paris Eiffel Tower,canopy by hilton paris eiffel tower,FR,Paris,,16 Av. d'Eylau,https://www.hilton.com/en/hotels/parpypy-canopy-paris-eiffel-tower/?SEO_id=GMB-EMEA-PY-PARPYPY,hilton.com,+33 1 45 50 50 70,Hotel,Preferred hotel,Out-of-profile geography,Chain candidate,Chain-owned or branded candidate,4.4,775,58.0,Review,no,10.0,website_present | phone_present | category_present | reviews_present,manual_review,Likely layered decision_cycle,High,3.0,Weak,High,no_major_gap,0,chain_signal | geo_mismatch,C,chain_signal | geo_mismatch,review_fit | preferred_hotel_type | out_of_profile_geography | has_website,63.08,6.31,Low,unique,canopy by hilton paris eiffel tower|paris|16 av d eylau,no,yes,possible_chain | out_of_profile_geography,no,https://www.google.com/maps/search/?api=1&query=Canopy%20by%20Hilton%20Paris%20Eiffel%20Tower&query_place_id=ChIJ88xzcKNv5kcRBf9WdxaYOzk,Low | C | review_fit | preferred_hotel_type | out_of_profile_geography | has_website
acc_2320cf644584,87,Paris 100.csv,Best Western Plus 61 Paris Nation,best western plus 61 paris nation,FR,Paris,,61 Rue de la Voûte,https://www.bestwestern.fr/fr/hotel-paris-12eme-BEST-WESTERN-PREMIER-61-Paris-Nation-Hotel-93790?utm_source=ReferencementLocal&utm_medium=GMB,bestwestern.fr,+33 1 43 45 41 38,Hotel,Preferred hotel,Out-of-profile geography,Chain candidate,Chain-owned or branded candidate,4.0,694,58.0,Review,no,10.0,website_present | phone_present | category_present | reviews_present,manual_review,Likely layered decision_cycle,High,3.0,Weak,High,no_major_gap,0,chain_signal | geo_mismatch,C,chain_signal | geo_mismatch,review_fit | preferred_hotel_type | out_of_profile_geography | has_website,63.0,6.3,Low,unique,best western plus 61 paris nation|paris|61 rue de la vo te,no,yes,possible_chain | out_of_profile_geography,no,https://www.google.com/maps/search/?api=1&query=Best%20Western%20Plus%2061%20Paris%20Nation&query_place_id=ChIJufAIb31y5kcRiHo5H0Ba4Ng,Low | C | review_fit | preferred_hotel_type | out_of_profile_geography | has_website
acc_8e7f873f3e53,88,Paris 100.csv,ibis Paris 17 Clichy-Batignolles,ibis paris 17 clichy batignolles,FR,Paris,,"Unknown, 10 Rue Bernard Buffet",https://all.accor.com/lien_externe.svlt?goto=fiche_hotel&code_hotel=2189&merchantid=seo-maps-FR-2189&sourceid=aw-cen&utm_medium=seo%20maps&utm_source=google%20Maps&utm_campaign=seo%20maps,all.accor.com,+33 1 40 25 20 20,Hotel,Preferred hotel,Out-of-profile geography,Chain candidate,Chain-owned or branded candidate,3.6,8936,58.0,Review,no,10.0,website_present | phone_present | category_present | reviews_present,manual_review,Likely layered decision_cycle,High,3.0,Weak,High,no_major_gap,0,chain_signal | geo_mismatch,C,chain_signal | geo_mismatch,review_fit | preferred_hotel_type | out_of_profile_geography | has_website,62.92,6.29,Low,unique,ibis paris 17 clichy batignolles|paris|unknown 10 rue bernard buffet,no,yes,possible_chain | out_of_profile_geography,no,https://www.google.com/maps/search/?api=1&query=ibis%20Paris%2017%20Clichy-Batignolles&query_place_id=ChIJa5FAt6hv5kcRybLAorYWSNI,Low | C | review_fit | preferred_hotel_type | out_of_profile_geography | has_website
acc_13c25f557da3,89,Paris 100.csv,Novotel Paris Centre Bercy,novotel paris centre bercy,FR,Paris,,85 Rue de Bercy,https://all.accor.com/lien_externe.svlt?goto=fiche_hotel&code_hotel=0935&merchantid=seo-maps-FR-0935&sourceid=aw-cen&utm_medium=seo%20maps&utm_source=google%20Maps&utm_campaign=seo%20maps,all.accor.com,+33 1 43 42 30 00,Hotel,Preferred hotel,Out-of-profile geography,Chain candidate,Chain-owned or branded candidate,4.5,3089,58.0,Review,no,10.0,website_present | phone_present | category_present | reviews_present,manual_review,Likely layered decision_cycle,High,3.0,Weak,High,no_major_gap,0,chain_signal | geo_mismatch,C,chain_signal | geo_mismatch,review_fit | preferred_hotel_type | out_of_profile_geography | has_website,61.5,6.15,Low,unique,novotel paris centre bercy|paris|85 rue de bercy,no,yes,possible_chain | out_of_profile_geography,no,https://www.google.com/maps/search/?api=1&query=Novotel%20Paris%20Centre%20Bercy&query_place_id=ChIJA6ux6xZy5kcRJXobZ6vyNXg,Low | C | review_fit | preferred_hotel_type | out_of_profile_geography | has_website
acc_cbf9abf449fd,90,Paris 100.csv,citizenM Paris Gare de Lyon,citizenm paris gare de lyon,FR,Paris,,8 Rue Van Gogh,https://www.marriott.com/en-us/hotels/parly-citizenm-paris-gare-de-lyon/overview/?scid=f2ae0541-1279-4f24-b197-a979c79310b0,marriott.com,+33 1 86 65 07 40,Hotel,Preferred hotel,Out-of-profile geography,Chain candidate,Chain-owned or branded candidate,4.3,3390,58.0,Review,no,10.0,website_present | phone_present | category_present | reviews_present,manual_review,Likely layered decision_cycle,High,3.0,Weak,High,no_major_gap,0,chain_signal | geo_mismatch,C,chain_signal | geo_mismatch,review_fit | preferred_hotel_type | out_of_profile_geography | has_website,61.46,6.15,Low,unique,citizenm paris gare de lyon|paris|8 rue van gogh,no,yes,possible_chain | out_of_profile_geography,no,https://www.google.com/maps/search/?api=1&query=citizenM%20Paris%20Gare%20de%20Lyon&query_place_id=ChIJfVZVfRty5kcRs0bj4UTjj6o,Low | C | review_fit | preferred_hotel_type | out_of_profile_geography | has_website
acc_4f2730f21a8a,91,Paris 100.csv,ibis Styles Paris Batignolles,ibis styles paris batignolles,FR,Paris,,119 Av. de Clichy,https://all.accor.com/lien_externe.svlt?goto=fiche_hotel&code_hotel=B9M1&merchantid=seo-maps-FR-B9M1&sourceid=aw-cen&utm_medium=seo%20maps&utm_source=google%20Maps&utm_campaign=seo%20maps,all.accor.com,+33 1 46 27 28 04,Hotel,Preferred hotel,Out-of-profile geography,Chain candidate,Chain-owned or branded candidate,4.2,628,58.0,Review,no,10.0,website_present | phone_present | category_present | reviews_present,manual_review,Likely layered decision_cycle,High,3.0,Weak,High,no_major_gap,0,chain_signal | geo_mismatch,C,chain_signal | geo_mismatch,review_fit | preferred_hotel_type | out_of_profile_geography | has_website,61.44,6.14,Low,unique,ibis styles paris batignolles|paris|119 av de clichy,no,yes,possible_chain | out_of_profile_geography,no,https://www.google.com/maps/search/?api=1&query=ibis%20Styles%20Paris%20Batignolles&query_place_id=ChIJtZFJwXRv5kcRlONVcablOHE,Low | C | review_fit | preferred_hotel_type | out_of_profile_geography | has_website
acc_30e5764f548d,92,Paris 100.csv,ibis Daumesnil Porte Dorée,ibis daumesnil porte dor e,FR,Paris,,111 Bd Poniatowski,https://all.accor.com/lien_externe.svlt?goto=fiche_hotel&code_hotel=5038&merchantid=seo-maps-FR-5038&sourceid=aw-cen&utm_medium=seo%20maps&utm_source=google%20Maps&utm_campaign=seo%20maps,all.accor.com,+33 1 43 43 30 38,Hotel,Preferred hotel,Out-of-profile geography,Chain candidate,Chain-owned or branded candidate,4.0,660,58.0,Review,no,10.0,website_present | phone_present | category_present | reviews_present,manual_review,Likely layered decision_cycle,High,3.0,Weak,High,no_major_gap,0,chain_signal | geo_mismatch,C,chain_signal | geo_mismatch,review_fit | preferred_hotel_type | out_of_profile_geography | has_website,61.4,6.14,Low,unique,ibis daumesnil porte dor e|paris|111 bd poniatowski,no,yes,possible_chain | out_of_profile_geography,no,https://www.google.com/maps/search/?api=1&query=ibis%20Daumesnil%20Porte%20Dor%C3%A9e&query_place_id=ChIJxb7ZoGBy5kcRVeIf4sLlpxk,Low | C | review_fit | preferred_hotel_type | out_of_profile_geography | has_website
acc_28414530fd4e,93,Paris 100.csv,ibis Styles Paris Nation Cours de Vincennes,ibis styles paris nation cours de vincennes,FR,Paris,,96 Cr de Vincennes,https://all.accor.com/lien_externe.svlt?goto=fiche_hotel&code_hotel=B1P0&merchantid=seo-maps-FR-B1P0&sourceid=aw-cen&utm_medium=seo%20maps&utm_source=google%20Maps&utm_campaign=seo%20maps,all.accor.com,+33 1 43 43 97 93,Hotel,Preferred hotel,Out-of-profile geography,Chain candidate,Chain-owned or branded candidate,3.9,524,58.0,Review,no,10.0,website_present | phone_present | category_present | reviews_present,manual_review,Likely layered decision_cycle,High,3.0,Weak,High,no_major_gap,0,chain_signal | geo_mismatch,C,chain_signal | geo_mismatch,review_fit | preferred_hotel_type | out_of_profile_geography | has_website,61.38,6.14,Low,unique,ibis styles paris nation cours de vincennes|paris|96 cr de vincennes,no,yes,possible_chain | out_of_profile_geography,no,https://www.google.com/maps/search/?api=1&query=ibis%20Styles%20Paris%20Nation%20Cours%20de%20Vincennes&query_place_id=ChIJ__-D_Hxy5kcRwwmMzwgsWro,Low | C | review_fit | preferred_hotel_type | out_of_profile_geography | has_website
acc_05e977c6a716,94,Paris 100.csv,Best Western Hôtel Au Trocadéro,best western h tel au trocad ro,FR,Paris,,3 Av. Raymond Poincaré,https://www.hotelautrocadero.com/,hotelautrocadero.com,+33 1 47 27 33 30,Hotel,Preferred hotel,Out-of-profile geography,Chain candidate,Chain-owned or branded candidate,4.3,398,58.0,Review,no,10.0,website_present | phone_present | category_present | reviews_present,manual_review,Likely layered decision_cycle,High,3.0,Strong,High,no_major_gap,0,chain_signal | geo_mismatch,C,chain_signal | geo_mismatch,review_fit | preferred_hotel_type | out_of_profile_geography | has_website,61.26,6.13,Low,unique,best western h tel au trocad ro|paris|3 av raymond poincar,no,yes,possible_chain | out_of_profile_geography,no,https://www.google.com/maps/search/?api=1&query=Best%20Western%20H%C3%B4tel%20Au%20Trocad%C3%A9ro&query_place_id=ChIJnVRHDftv5kcRWhkYJCSNhXU,Low | C | review_fit | preferred_hotel_type | out_of_profile_geography | has_website
acc_c1bb4060e3bb,95,Paris 100.csv,Hotel Camelia Nation,hotel camelia nation,FR,Paris,,6 Av. Philippe Auguste,https://camelianationhotel.com/,camelianationhotel.com,+33 1 43 73 67 50,Hotel,Preferred hotel,Out-of-profile geography,Chain candidate,Chain-owned or branded candidate,3.3,435,58.0,Review,no,10.0,website_present | phone_present | category_present | reviews_present,manual_review,Likely layered decision_cycle,High,3.0,Strong,High,no_major_gap,0,chain_signal | geo_mismatch,C,chain_signal | geo_mismatch,review_fit | preferred_hotel_type | out_of_profile_geography | has_website,61.13,6.11,Low,unique,hotel camelia nation|paris|6 av philippe auguste,no,yes,possible_chain | out_of_profile_geography,no,https://www.google.com/maps/search/?api=1&query=Hotel%20Camelia%20Nation&query_place_id=ChIJD69sTnFy5kcRk5bUd5lp7RY,Low | C | review_fit | preferred_hotel_type | out_of_profile_geography | has_website
acc_4aadb0a63e81,96,Paris 100.csv,Best Western Saint Louis,best western saint louis,FR,Vincennes,,2Bis Rue Robert Giraudineau,http://www.hotel-saint-louis-vincennes.com/,hotel-saint-louis-vincennes.com,+33 1 43 74 16 78,Hotel,Preferred hotel,Out-of-profile geography,Chain candidate,Chain-owned or branded candidate,4.4,314,58.0,Review,no,10.0,website_present | phone_present | category_present | reviews_present,manual_review,Likely layered decision_cycle,High,3.0,Strong,High,no_major_gap,0,chain_signal | geo_mismatch,C,chain_signal | geo_mismatch,review_fit | preferred_hotel_type | out_of_profile_geography | has_website,61.11,6.11,Low,unique,best western saint louis|vincennes|2bis rue robert giraudineau,no,yes,possible_chain | out_of_profile_geography,no,https://www.google.com/maps/search/?api=1&query=Best%20Western%20Saint%20Louis&query_place_id=ChIJ49c5xqJy5kcRQDhBkwyJMVI,Low | C | review_fit | preferred_hotel_type | out_of_profile_geography | has_website
acc_507c43f11bbf,97,Paris 100.csv,B&B HOTEL Paris 17 Batignolles,b b hotel paris 17 batignolles,,,,,,,0 892 23 34 46,Hotel,Preferred hotel,Out-of-profile geography,Independent candidate,Independent operator candidate,4.2,2611,76.0,Keep,no,5.0,website_missing | phone_present | category_present | reviews_present,manual_review,Likely shorter owner_gm_cycle,Medium,7.0,Missing,Low,website_missing,1,geo_mismatch | website_missing | website_missing,C,geo_mismatch | website_missing | website_missing,strong_icp_fit | independent_signal | preferred_hotel_type | out_of_profile_geography,55.44,5.54,Low,unique,b b hotel paris 17 batignolles|,no,yes,out_of_profile_geography,no,"https://www.google.com/maps/place/B&B HOTEL Paris 17 Batignolles/@48.89442,2.312417,14z/data=!3m1!4b1!4m9!3m8!5m2!4m1!1i2!8m2!3d48.89442!4d2.312417!16snull!17Bnull",Low | C | strong_icp_fit | independent_signal | preferred_hotel_type | out_of_profile_geography
acc_f3ede507cbe8,98,Paris 100.csv,Bagnolet Hotel,bagnolet hotel,FR,Paris,,43 Rue de Bagnolet,,,,Hotel,Preferred hotel,Out-of-profile geography,Independent candidate,Independent operator candidate,4.5,6,76.0,Keep,no,5.0,website_missing | phone_missing | category_present | reviews_present,manual_review,Likely shorter owner_gm_cycle,Low,7.0,Missing,Low,website_and_phone_missing,2,geo_mismatch | website_and_phone_missing | website_missing,C,geo_mismatch | website_and_phone_missing | website_missing,strong_icp_fit | independent_signal | preferred_hotel_type | out_of_profile_geography,53.01,5.3,Low,unique,bagnolet hotel|paris|43 rue de bagnolet,no,yes,out_of_profile_geography | missing_contact_data,no,https://www.google.com/maps/search/?api=1&query=Bagnolet%20Hotel&query_place_id=ChIJf6nrsYlt5kcRcf2vHwoSrzk,Low | C | strong_icp_fit | independent_signal | preferred_hotel_type | out_of_profile_geography
acc_dac012ebd81c,99,Paris 100.csv,"Hotel la Bergerie, Severac le château",hotel la bergerie severac le ch teau,FR,Sévérac-d'Aveyron,,24 Rue du Barry,,,,Hotel,Preferred hotel,Out-of-profile geography,Independent candidate,Independent operator candidate,3.0,1,76.0,Keep,no,5.0,website_missing | phone_missing | category_present | reviews_present,manual_review,Likely shorter owner_gm_cycle,Low,7.0,Missing,Low,website_and_phone_missing,2,geo_mismatch | website_and_phone_missing | website_missing,C,geo_mismatch | website_and_phone_missing | website_missing,strong_icp_fit | independent_signal | preferred_hotel_type | out_of_profile_geography,52.7,5.27,Low,unique,hotel la bergerie severac le ch teau|s v rac d aveyron|24 rue du barry,no,yes,out_of_profile_geography | missing_contact_data,no,https://www.google.com/maps/search/?api=1&query=Hotel%20la%20Bergerie%2C%20Severac%20le%20ch%C3%A2teau&query_place_id=ChIJ4VcZZwBz5kcRkNbOgdScC1w,Low | C | strong_icp_fit | independent_signal | preferred_hotel_type | out_of_profile_geography
acc_ab3cc36b0f5c,100,Paris 100.csv,Sauvage,sauvage,FR,Vincennes,,30 Av. de Paris,,,+33 6 58 71 72 42,Bar,Other lodging,Out-of-profile geography,Independent candidate,Independent operator candidate,3.4,425,48.0,Review,no,7.0,website_missing | phone_present | category_present | reviews_present,manual_review,Likely shorter owner_gm_cycle,Medium,7.0,Missing,Low,website_missing,1,geo_mismatch | website_missing | website_missing,D,geo_mismatch | website_missing | website_missing,review_fit | independent_signal | out_of_profile_geography | has_phone,43.13,4.31,Low,unique,sauvage|vincennes|30 av de paris,no,yes,out_of_profile_geography,no,https://www.google.com/maps/search/?api=1&query=Sauvage&query_place_id=ChIJk7bku6Jy5kcRVhF2wqI9CU0,Low | D | review_fit | independent_signal | out_of_profile_geography | has_phone
