Task name,Status,Priority,Account ID,Account Status,Hotel name,Country,City / Region,Priority score,Priority Level,ICP Fit,Rank bucket,Rank bucket reason,Why not top tier,Chain signal confidence,Ranking reason,Main Pain Hypothesis,Subject line,Source file
Lead outreach - Loft Hotel Bratislava,to do,2,acc_289b11d6c3e4,Prioritized,Loft Hotel Bratislava,SK,Bratislava,9.37,High,Keep,A,top_ranked,top_tier_candidate,Low,strong_icp_fit | independent_signal | preferred_hotel_type | core_geography,Na webe som nenašiel jasne uvedené otváracie hodiny alebo recepčné časy.,Loft Hotel Bratislava: krátky postreh,raw_bratislava region_2026-04-01_21-01-58-857.csv
Lead outreach - CHORS like a hotel | Capsule & NFT Boutique Hostel Bratislava,to do,2,acc_f249bf38e267,Prioritized,CHORS like a hotel | Capsule & NFT Boutique Hostel Bratislava,SK,Bratislava,9.36,High,Keep,A,top_ranked,top_tier_candidate,Low,strong_icp_fit | independent_signal | preferred_hotel_type | core_geography,Na webe som nenašiel jasne uvedené otváracie hodiny alebo recepčné časy.,CHORS like a hotel | Capsule & NFT Boutique Hostel Bratislava: krátky postreh,raw_bratislava region_2026-04-01_21-01-58-857.csv
Lead outreach - HOTEL BRATISLAVA,to do,2,acc_7be2b5705eed,Prioritized,HOTEL BRATISLAVA,SK,Bratislava,9.36,High,Keep,A,top_ranked,top_tier_candidate,Low,strong_icp_fit | independent_signal | preferred_hotel_type | core_geography,Na webe som nenašiel jasne uvedené otváracie hodiny alebo recepčné časy.,HOTEL BRATISLAVA: krátky postreh,raw_bratislava region_2026-04-01_21-01-58-857.csv
Lead outreach - Hotel Gracia Bratislava,to do,2,acc_bf643e4ae55a,Prioritized,Hotel Gracia Bratislava,SK,Bratislava,9.35,High,Keep,A,top_ranked,top_tier_candidate,Low,strong_icp_fit | independent_signal | preferred_hotel_type | core_geography,Na webe som nenašiel jasne uvedené otváracie hodiny alebo recepčné časy.,Hotel Gracia Bratislava: krátky postreh,raw_bratislava region_2026-04-01_21-01-58-857.csv
Lead outreach - SKARITZ Hotel & Residence,to do,2,acc_bc0ee9d6150b,Prioritized,SKARITZ Hotel & Residence,SK,Bratislava,9.21,High,Keep,A,top_ranked,top_tier_candidate,Low,strong_icp_fit | independent_signal | preferred_hotel_type | core_geography,Na webe som nenašiel jasne uvedené otváracie hodiny alebo recepčné časy.,SKARITZ Hotel & Residence: krátky postreh,raw_bratislava region_2026-04-01_21-01-58-857.csv
Lead outreach - William's apartments s.r.o,to do,2,acc_91cc7fd3daeb,Prioritized,William's apartments s.r.o,SK,Bratislava,9.08,High,Keep,A,top_ranked,top_tier_candidate,Low,strong_icp_fit | independent_signal | preferred_hotel_type | core_geography,Na webe som nenašiel jasne uvedené otváracie hodiny alebo recepčné časy.,William's apartments s.r.o: krátky postreh,raw_bratislava region_2026-04-01_21-01-58-857.csv
Lead outreach - HOTEL DEVÍN,to do,2,acc_a33ba9d035ac,Prioritized,HOTEL DEVÍN,SK,Bratislava,9.04,High,Keep,A,top_ranked,top_tier_candidate,Low,strong_icp_fit | independent_signal | preferred_hotel_type | core_geography,Na webe som nenašiel jasne uvedené otváracie hodiny alebo recepčné časy.,HOTEL DEVÍN: krátky postreh,raw_bratislava region_2026-04-01_21-01-58-857.csv
Lead outreach - Falkensteiner Hotel Bratislava,to do,2,acc_ea770ab6cc4e,Prioritized,Falkensteiner Hotel Bratislava,SK,Bratislava,9.04,High,Keep,A,top_ranked,top_tier_candidate,Low,strong_icp_fit | independent_signal | preferred_hotel_type | core_geography,Na webe som nenašiel jasne uvedené otváracie hodiny alebo recepčné časy.,Falkensteiner Hotel Bratislava: krátky postreh,raw_bratislava region_2026-04-01_21-01-58-857.csv
Lead outreach - Hotel Color,to do,2,acc_a917450c7e8d,Prioritized,Hotel Color,SK,Bratislava,9.04,High,Keep,A,top_ranked,top_tier_candidate,Low,strong_icp_fit | independent_signal | preferred_hotel_type | core_geography,Na webe som nenašiel jasne uvedené otváracie hodiny alebo recepčné časy.,Hotel Color: krátky postreh,raw_bratislava region_2026-04-01_21-01-58-857.csv
Lead outreach - Hotel Divoká voda,to do,2,acc_411bb39fa87f,Prioritized,Hotel Divoká voda,SK,Bratislava,9.04,High,Keep,A,top_ranked,top_tier_candidate,Low,strong_icp_fit | independent_signal | preferred_hotel_type | core_geography,Na webe som nenašiel jasne uvedené otváracie hodiny alebo recepčné časy.,Hotel Divoká voda: krátky postreh,raw_bratislava region_2026-04-01_21-01-58-857.csv
Lead outreach - Aston Business hotel,to do,2,acc_bd6cb35aa9a4,Prioritized,Aston Business hotel,SK,Bratislava,9.02,High,Keep,A,top_ranked,top_tier_candidate,Low,strong_icp_fit | independent_signal | preferred_hotel_type | core_geography,Na webe som nenašiel jasne uvedené otváracie hodiny alebo recepčné časy.,Aston Business hotel: krátky postreh,raw_bratislava region_2026-04-01_21-01-58-857.csv
Lead outreach - AUROOM - Spa Moments,to do,2,acc_81ac99f0b470,Prioritized,AUROOM - Spa Moments,SK,Bratislava,8.92,High,Keep,A,top_ranked,top_tier_candidate,Low,strong_icp_fit | independent_signal | preferred_hotel_type | core_geography,Na webe som nenašiel jasne uvedené otváracie hodiny alebo recepčné časy.,AUROOM - Spa Moments: krátky postreh,raw_bratislava region_2026-04-01_21-01-58-857.csv
Lead outreach - Roset Hotel & Residence,to do,2,acc_4e852edf2e61,Prioritized,Roset Hotel & Residence,SK,Bratislava,8.89,High,Keep,A,top_ranked,top_tier_candidate,Low,strong_icp_fit | independent_signal | preferred_hotel_type | core_geography,Na webe som nenašiel jasne uvedené otváracie hodiny alebo recepčné časy.,Roset Hotel & Residence: krátky postreh,raw_bratislava region_2026-04-01_21-01-58-857.csv
Lead outreach - Hotel Danubia Gate,to do,2,acc_5bfecae0cadf,Prioritized,Hotel Danubia Gate,SK,Bratislava,8.88,High,Keep,A,top_ranked,top_tier_candidate,Low,strong_icp_fit | independent_signal | preferred_hotel_type | core_geography,Na webe som nenašiel jasne uvedené otváracie hodiny alebo recepčné časy.,Hotel Danubia Gate: krátky postreh,raw_bratislava region_2026-04-01_21-01-58-857.csv
Lead outreach - Hotel Max Inn,to do,2,acc_22518ae32be2,Prioritized,Hotel Max Inn,SK,Bratislava,8.88,High,Keep,A,top_ranked,top_tier_candidate,Low,strong_icp_fit | independent_signal | preferred_hotel_type | core_geography,Na webe som nenašiel jasne uvedené otváracie hodiny alebo recepčné časy.,Hotel Max Inn: krátky postreh,raw_bratislava region_2026-04-01_21-01-58-857.csv
Lead outreach - Hotel Modena,to do,2,acc_6cc9c32ca820,Prioritized,Hotel Modena,SK,Bratislava,8.87,High,Keep,A,top_ranked,top_tier_candidate,Low,strong_icp_fit | independent_signal | preferred_hotel_type | core_geography,Na webe som nenašiel jasne uvedené otváracie hodiny alebo recepčné časy.,Hotel Modena: krátky postreh,raw_bratislava region_2026-04-01_21-01-58-857.csv
Lead outreach - Hotel Albrecht,to do,2,acc_0fce4dc7762e,Prioritized,Hotel Albrecht,SK,Bratislava,8.86,High,Keep,A,top_ranked,top_tier_candidate,Low,strong_icp_fit | independent_signal | preferred_hotel_type | core_geography,Na webe som nenašiel jasne uvedené otváracie hodiny alebo recepčné časy.,Hotel Albrecht: krátky postreh,raw_bratislava region_2026-04-01_21-01-58-857.csv
Lead outreach - Boutique Apartments Possonium,to do,2,acc_d07e333a86d5,Prioritized,Boutique Apartments Possonium,SK,Bratislava,8.85,High,Keep,A,top_ranked,top_tier_candidate,Low,strong_icp_fit | independent_signal | preferred_hotel_type | core_geography,Na webe som nenašiel jasne uvedené otváracie hodiny alebo recepčné časy.,Boutique Apartments Possonium: krátky postreh,raw_bratislava region_2026-04-01_21-01-58-857.csv
Lead outreach - Areál vodných športov Čunovo,to do,2,acc_5d3ca4836bd8,Prioritized,Areál vodných športov Čunovo,SK,Čunovo,8.84,High,Keep,A,top_ranked,top_tier_candidate,Low,strong_icp_fit | independent_signal | preferred_hotel_type | has_website,Na webe som nenašiel jasne uvedené otváracie hodiny alebo recepčné časy.,Areál vodných športov Čunovo: krátky postreh,raw_bratislava region_2026-04-01_21-01-58-857.csv
Lead outreach - Ponteo Activity Park Rusovce - hotel & reštaurácia,to do,2,acc_a1dccbe6b9f7,Prioritized,Ponteo Activity Park Rusovce - hotel & reštaurácia,SK,Rusovce,8.84,High,Keep,A,top_ranked,top_tier_candidate,Low,strong_icp_fit | independent_signal | preferred_hotel_type | has_website,Na webe som nenašiel jasne uvedené otváracie hodiny alebo recepčné časy.,Ponteo Activity Park Rusovce - hotel & reštaurácia: krátky postreh,raw_bratislava region_2026-04-01_21-01-58-857.csv
Lead outreach - WX Hotel,to do,2,acc_a7e55f5db919,Prioritized,WX Hotel,SK,Devínska Nová Ves,8.83,High,Keep,A,top_ranked,top_tier_candidate,Low,strong_icp_fit | independent_signal | preferred_hotel_type | has_website,Na webe som nenašiel jasne uvedené otváracie hodiny alebo recepčné časy.,WX Hotel: krátky postreh,raw_bratislava region_2026-04-01_21-01-58-857.csv
Lead outreach - Suza,to do,2,acc_44877618d28d,Prioritized,Suza,SK,Bratislava,8.82,High,Keep,A,top_ranked,top_tier_candidate,Low,strong_icp_fit | independent_signal | preferred_hotel_type | core_geography,Na webe som nenašiel jasne uvedené otváracie hodiny alebo recepčné časy.,Suza: krátky postreh,raw_bratislava region_2026-04-01_21-01-58-857.csv
Lead outreach - Ubytovňa Siesta,to do,2,acc_3aabc2f13f65,Prioritized,Ubytovňa Siesta,SK,Bratislava,8.82,High,Keep,A,top_ranked,top_tier_candidate,Low,strong_icp_fit | independent_signal | preferred_hotel_type | core_geography,Na webe som nenašiel jasne uvedené otváracie hodiny alebo recepčné časy.,Ubytovňa Siesta: krátky postreh,raw_bratislava region_2026-04-01_21-01-58-857.csv
Lead outreach - Tempus Club Garni Hotel,to do,2,acc_b5ba4decb916,Prioritized,Tempus Club Garni Hotel,SK,Bratislava,8.8,High,Keep,A,top_ranked,top_tier_candidate,Low,strong_icp_fit | independent_signal | preferred_hotel_type | core_geography,Na webe som nenašiel jasne uvedené otváracie hodiny alebo recepčné časy.,Tempus Club Garni Hotel: krátky postreh,raw_bratislava region_2026-04-01_21-01-58-857.csv
Lead outreach - Melrose Apartments,to do,2,acc_accfdd3cf616,Prioritized,Melrose Apartments,SK,Petržalka,8.8,High,Keep,A,top_ranked,top_tier_candidate,Low,strong_icp_fit | independent_signal | preferred_hotel_type | has_website,Na webe som nenašiel jasne uvedené otváracie hodiny alebo recepčné časy.,Melrose Apartments: krátky postreh,raw_bratislava region_2026-04-01_21-01-58-857.csv
Lead outreach - BAROK Hotel a Apartmany,to do,2,acc_3f7c8c4a5ecd,Prioritized,BAROK Hotel a Apartmany,SK,Bratislava-Petržalka,8.79,High,Keep,A,top_ranked,top_tier_candidate,Low,strong_icp_fit | independent_signal | preferred_hotel_type | has_website,Na webe som nenašiel jasne uvedené otváracie hodiny alebo recepčné časy.,BAROK Hotel a Apartmany: krátky postreh,raw_bratislava region_2026-04-01_21-01-58-857.csv
Lead outreach - Penzion Zlatá Noha,to do,2,acc_47b622e34bc7,Prioritized,Penzion Zlatá Noha,SK,Nové Mesto,8.76,High,Keep,A,top_ranked,top_tier_candidate,Low,strong_icp_fit | independent_signal | preferred_hotel_type | has_website,Na webe som nenašiel jasne uvedené otváracie hodiny alebo recepčné časy.,Penzion Zlatá Noha: krátky postreh,raw_bratislava region_2026-04-01_21-01-58-857.csv
Lead outreach - RAJ zdravia,to do,2,acc_c374d4b5c4be,Prioritized,RAJ zdravia,SK,Nové Mesto,8.76,High,Keep,A,top_ranked,top_tier_candidate,Low,strong_icp_fit | independent_signal | preferred_hotel_type | has_website,Na webe som nenašiel jasne uvedené otváracie hodiny alebo recepčné časy.,RAJ zdravia: krátky postreh,raw_bratislava region_2026-04-01_21-01-58-857.csv
Lead outreach - Cabin Devín,to do,2,acc_f75d4fd04cc6,Prioritized,Cabin Devín,SK,Cabin-Devín,8.75,High,Keep,A,top_ranked,top_tier_candidate,Low,strong_icp_fit | independent_signal | preferred_hotel_type | has_website,Na webe som nenašiel jasne uvedené otváracie hodiny alebo recepčné časy.,Cabin Devín: krátky postreh,raw_bratislava region_2026-04-01_21-01-58-857.csv
Lead outreach - Marrol's Boutique Hotel,to do,2,acc_7f1a3c79f128,Prioritized,Marrol's Boutique Hotel,SK,Bratislava,8.73,High,Keep,A,top_ranked,top_tier_candidate,Low,strong_icp_fit | independent_signal | preferred_hotel_type | core_geography,Na webe som nenašiel jasne uvedené otváracie hodiny alebo recepčné časy.,Marrol's Boutique Hotel: krátky postreh,raw_bratislava region_2026-04-01_21-01-58-857.csv
Lead outreach - Centrum Salvator,to do,2,acc_dd2b3962bb99,Prioritized,Centrum Salvator,SK,Bratislava,8.73,High,Keep,A,top_ranked,top_tier_candidate,Low,strong_icp_fit | independent_signal | preferred_hotel_type | core_geography,Na webe som nenašiel jasne uvedené otváracie hodiny alebo recepčné časy.,Centrum Salvator: krátky postreh,raw_bratislava region_2026-04-01_21-01-58-857.csv
Lead outreach - Hotel Avance,to do,2,acc_e50b2fab57fa,Prioritized,Hotel Avance,SK,Bratislava,8.73,High,Keep,A,top_ranked,top_tier_candidate,Low,strong_icp_fit | independent_signal | preferred_hotel_type | core_geography,Na webe som nenašiel jasne uvedené otváracie hodiny alebo recepčné časy.,Hotel Avance: krátky postreh,raw_bratislava region_2026-04-01_21-01-58-857.csv
Lead outreach - Felicity Garni Hotel,to do,2,acc_a82e1f2b4c91,Prioritized,Felicity Garni Hotel,SK,Bratislava,8.72,High,Keep,A,top_ranked,top_tier_candidate,Low,strong_icp_fit | independent_signal | preferred_hotel_type | core_geography,Na webe som nenašiel jasne uvedené otváracie hodiny alebo recepčné časy.,Felicity Garni Hotel: krátky postreh,raw_bratislava region_2026-04-01_21-01-58-857.csv
Lead outreach - Lindner Hotel Bratislava - JDV by Hyatt,to do,2,acc_8ab377da3881,Prioritized,Lindner Hotel Bratislava - JDV by Hyatt,SK,Bratislava,8.72,High,Keep,A,top_ranked,top_tier_candidate,Low,strong_icp_fit | independent_signal | preferred_hotel_type | core_geography,Na webe som nenašiel jasne uvedené otváracie hodiny alebo recepčné časy.,Lindner Hotel Bratislava - JDV by Hyatt: krátky postreh,raw_bratislava region_2026-04-01_21-01-58-857.csv
Lead outreach - APLEND CITY Hotel Perugia,to do,2,acc_93467dcb7452,Prioritized,APLEND CITY Hotel Perugia,SK,Bratislava,8.72,High,Keep,A,top_ranked,top_tier_candidate,Low,strong_icp_fit | independent_signal | preferred_hotel_type | core_geography,Na webe som nenašiel jasne uvedené otváracie hodiny alebo recepčné časy.,APLEND CITY Hotel Perugia: krátky postreh,raw_bratislava region_2026-04-01_21-01-58-857.csv
Lead outreach - Hotel Antares,to do,2,acc_0ad418a2610b,Prioritized,Hotel Antares,SK,Bratislava,8.72,High,Keep,A,top_ranked,top_tier_candidate,Low,strong_icp_fit | independent_signal | preferred_hotel_type | core_geography,Na webe som nenašiel jasne uvedené otváracie hodiny alebo recepčné časy.,Hotel Antares: krátky postreh,raw_bratislava region_2026-04-01_21-01-58-857.csv
Lead outreach - PREMIUM Business Hotel Bratislava,to do,2,acc_01c9416a7058,Prioritized,PREMIUM Business Hotel Bratislava,SK,Bratislava,8.72,High,Keep,A,top_ranked,top_tier_candidate,Low,strong_icp_fit | independent_signal | preferred_hotel_type | core_geography,Na webe som nenašiel jasne uvedené otváracie hodiny alebo recepčné časy.,PREMIUM Business Hotel Bratislava: krátky postreh,raw_bratislava region_2026-04-01_21-01-58-857.csv
Lead outreach - Best Place Apartments,to do,2,acc_ebc53fbd2375,Prioritized,Best Place Apartments,SK,Bratislava,8.72,High,Keep,A,top_ranked,top_tier_candidate,Low,strong_icp_fit | independent_signal | preferred_hotel_type | core_geography,Na webe som nenašiel jasne uvedené otváracie hodiny alebo recepčné časy.,Best Place Apartments: krátky postreh,raw_bratislava region_2026-04-01_21-01-58-857.csv
Lead outreach - Hotel Saffron,to do,2,acc_0b9e74ebf8ce,Prioritized,Hotel Saffron,SK,Bratislava,8.72,High,Keep,A,top_ranked,top_tier_candidate,Low,strong_icp_fit | independent_signal | preferred_hotel_type | core_geography,Na webe som nenašiel jasne uvedené otváracie hodiny alebo recepčné časy.,Hotel Saffron: krátky postreh,raw_bratislava region_2026-04-01_21-01-58-857.csv
Lead outreach - Elisabeth Old Town hotel,to do,2,acc_4779c770c35e,Prioritized,Elisabeth Old Town hotel,SK,Bratislava,8.72,High,Keep,A,top_ranked,top_tier_candidate,Low,strong_icp_fit | independent_signal | preferred_hotel_type | core_geography,Na webe som nenašiel jasne uvedené otváracie hodiny alebo recepčné časy.,Elisabeth Old Town hotel: krátky postreh,raw_bratislava region_2026-04-01_21-01-58-857.csv
Lead outreach - Hotel Blue Bratislava,to do,2,acc_4f77d75aefe8,Prioritized,Hotel Blue Bratislava,SK,Bratislava,8.72,High,Keep,A,top_ranked,top_tier_candidate,Low,strong_icp_fit | independent_signal | preferred_hotel_type | core_geography,Na webe som nenašiel jasne uvedené otváracie hodiny alebo recepčné časy.,Hotel Blue Bratislava: krátky postreh,raw_bratislava region_2026-04-01_21-01-58-857.csv
Lead outreach - Hotel Nivy,to do,2,acc_0f270138c8f3,Prioritized,Hotel Nivy,SK,Bratislava,8.72,High,Keep,A,top_ranked,top_tier_candidate,Low,strong_icp_fit | independent_signal | preferred_hotel_type | core_geography,Na webe som nenašiel jasne uvedené otváracie hodiny alebo recepčné časy.,Hotel Nivy: krátky postreh,raw_bratislava region_2026-04-01_21-01-58-857.csv
Lead outreach - Hotel Brix,to do,2,acc_af55ee9fbbf0,Prioritized,Hotel Brix,SK,Bratislava,8.71,High,Keep,A,top_ranked,top_tier_candidate,Low,strong_icp_fit | independent_signal | preferred_hotel_type | core_geography,Na webe som nenašiel jasne uvedené otváracie hodiny alebo recepčné časy.,Hotel Brix: krátky postreh,raw_bratislava region_2026-04-01_21-01-58-857.csv
Lead outreach - Hotel Taxis,to do,2,acc_b46d93ac3322,Prioritized,Hotel Taxis,SK,Bratislava,8.71,High,Keep,A,top_ranked,top_tier_candidate,Low,strong_icp_fit | independent_signal | preferred_hotel_type | core_geography,Na webe som nenašiel jasne uvedené otváracie hodiny alebo recepčné časy.,Hotel Taxis: krátky postreh,raw_bratislava region_2026-04-01_21-01-58-857.csv
Lead outreach - Mama's Design & Boutique Hotel,to do,2,acc_b15d968573c3,Prioritized,Mama's Design & Boutique Hotel,SK,Bratislava,8.71,High,Keep,A,top_ranked,top_tier_candidate,Low,strong_icp_fit | independent_signal | preferred_hotel_type | core_geography,Na webe som nenašiel jasne uvedené otváracie hodiny alebo recepčné časy.,Mama's Design & Boutique Hotel: krátky postreh,raw_bratislava region_2026-04-01_21-01-58-857.csv
Lead outreach - BlueBell Hotel,to do,2,acc_93742abaeb2f,Prioritized,BlueBell Hotel,SK,Bratislava,8.7,High,Keep,A,top_ranked,top_tier_candidate,Low,strong_icp_fit | independent_signal | preferred_hotel_type | core_geography,Na webe som nenašiel jasne uvedené otváracie hodiny alebo recepčné časy.,BlueBell Hotel: krátky postreh,raw_bratislava region_2026-04-01_21-01-58-857.csv
Lead outreach - Art Hotel William,to do,2,acc_5a7466dc0727,Prioritized,Art Hotel William,SK,Bratislava,8.7,High,Keep,A,top_ranked,top_tier_candidate,Low,strong_icp_fit | independent_signal | preferred_hotel_type | core_geography,Na webe som nenašiel jasne uvedené otváracie hodiny alebo recepčné časy.,Art Hotel William: krátky postreh,raw_bratislava region_2026-04-01_21-01-58-857.csv
Lead outreach - BIVIO,to do,2,acc_33a9ab4e3626,Prioritized,BIVIO,SK,Bratislava,8.69,High,Keep,A,top_ranked,top_tier_candidate,Low,strong_icp_fit | independent_signal | preferred_hotel_type | core_geography,Na webe som nenašiel jasne uvedené otváracie hodiny alebo recepčné časy.,BIVIO: krátky postreh,raw_bratislava region_2026-04-01_21-01-58-857.csv
Lead outreach - Apollo Hotel,to do,2,acc_3e8f6cfe4ff8,Prioritized,Apollo Hotel,SK,Ružinov,8.68,High,Keep,A,top_ranked,top_tier_candidate,Low,strong_icp_fit | independent_signal | preferred_hotel_type | has_website,Na webe som nenašiel jasne uvedené otváracie hodiny alebo recepčné časy.,Apollo Hotel: krátky postreh,raw_bratislava region_2026-04-01_21-01-58-857.csv
Lead outreach - Mamaison Residence Sulekova Bratislava,to do,2,acc_c3c3ea5d2881,Prioritized,Mamaison Residence Sulekova Bratislava,SK,Bratislava I,8.68,High,Keep,A,top_ranked,top_tier_candidate,Low,strong_icp_fit | independent_signal | preferred_hotel_type | has_website,Na webe som nenašiel jasne uvedené otváracie hodiny alebo recepčné časy.,Mamaison Residence Sulekova Bratislava: krátky postreh,raw_bratislava region_2026-04-01_21-01-58-857.csv
Lead outreach - Garni Hotel DOCK,to do,2,acc_fb5a5dbaf93e,Prioritized,Garni Hotel DOCK,SK,Bratislava,8.67,High,Keep,A,top_ranked,top_tier_candidate,Low,strong_icp_fit | independent_signal | preferred_hotel_type | core_geography,Na webe som nenašiel jasne uvedené otváracie hodiny alebo recepčné časy.,Garni Hotel DOCK: krátky postreh,raw_bratislava region_2026-04-01_21-01-58-857.csv
Lead outreach - BEIGLI Hotel & Garden,to do,2,acc_b32f0d89f8bc,Prioritized,BEIGLI Hotel & Garden,SK,Bratislava,8.67,High,Keep,A,top_ranked,top_tier_candidate,Low,strong_icp_fit | independent_signal | preferred_hotel_type | core_geography,Na webe som nenašiel jasne uvedené otváracie hodiny alebo recepčné časy.,BEIGLI Hotel & Garden: krátky postreh,raw_bratislava region_2026-04-01_21-01-58-857.csv
Lead outreach - Wilson Palace Bratislava,to do,2,acc_0a173f19a0df,Prioritized,Wilson Palace Bratislava,SK,Bratislava,8.67,High,Keep,A,top_ranked,top_tier_candidate,Low,strong_icp_fit | independent_signal | preferred_hotel_type | core_geography,Na webe som nenašiel jasne uvedené otváracie hodiny alebo recepčné časy.,Wilson Palace Bratislava: krátky postreh,raw_bratislava region_2026-04-01_21-01-58-857.csv
Lead outreach - Charming & Cozy by Ambiente,to do,2,acc_5cb4c5a96023,Prioritized,Charming & Cozy by Ambiente,SK,Bratislava,8.67,High,Keep,A,top_ranked,top_tier_candidate,Low,strong_icp_fit | independent_signal | preferred_hotel_type | core_geography,Na webe som nenašiel jasne uvedené otváracie hodiny alebo recepčné časy.,Charming & Cozy by Ambiente: krátky postreh,raw_bratislava region_2026-04-01_21-01-58-857.csv
Lead outreach - Hotel Hradná brána,to do,2,acc_1c6b327fbc4e,Prioritized,Hotel Hradná brána,SK,Devín,8.59,High,Keep,A,top_ranked,top_tier_candidate,Low,strong_icp_fit | independent_signal | preferred_hotel_type | has_website,Na webe som nenašiel jasne uvedené otváracie hodiny alebo recepčné časy.,Hotel Hradná brána: krátky postreh,raw_bratislava region_2026-04-01_21-01-58-857.csv
Lead outreach - Penzión Carpatia,to do,2,acc_fce7fd1aa5bb,Prioritized,Penzión Carpatia,SK,Záhorská Bystrica-Poľný mlyn,8.59,High,Keep,A,top_ranked,top_tier_candidate,Low,strong_icp_fit | independent_signal | preferred_hotel_type | has_website,Na webe som nenašiel jasne uvedené otváracie hodiny alebo recepčné časy.,Penzión Carpatia: krátky postreh,raw_bratislava region_2026-04-01_21-01-58-857.csv
Lead outreach - WELLNESS HEAVEN Bratislava,to do,2,acc_dae3fab10f42,Prioritized,WELLNESS HEAVEN Bratislava,SK,Bratislava,8.58,High,Keep,A,top_ranked,top_tier_candidate,Low,strong_icp_fit | independent_signal | preferred_hotel_type | core_geography,Na webe som nenašiel jasne uvedené otváracie hodiny alebo recepčné časy.,WELLNESS HEAVEN Bratislava: krátky postreh,raw_bratislava region_2026-04-01_21-01-58-857.csv
Lead outreach - Penzión Raki & Wellness,to do,,acc_52541fe673dc,Prioritized,Penzión Raki & Wellness,SK,Petržalka,8.47,Medium-High,Keep,A,top_ranked,top_tier_candidate,Low,strong_icp_fit | independent_signal | preferred_hotel_type | has_website,Na webe som nenašiel jasne uvedené otváracie hodiny alebo recepčné časy.,Penzión Raki & Wellness: krátky postreh,raw_bratislava region_2026-04-01_21-01-58-857.csv
Lead outreach - Hotel Tatra,to do,,acc_4c7619fbe507,Prioritized,Hotel Tatra,SK,Staré Mesto,8.36,Medium-High,Keep,A,top_ranked,top_tier_candidate,Low,strong_icp_fit | independent_signal | preferred_hotel_type | has_website,Na webe som nenašiel jasne uvedené otváracie hodiny alebo recepčné časy.,Hotel Tatra: krátky postreh,raw_bratislava region_2026-04-01_21-01-58-857.csv
Lead outreach - Radio Hotel Bratislava,to do,,acc_ea35090fcd2d,Prioritized,Radio Hotel Bratislava,SK,Bratislava,8.36,Medium-High,Keep,A,top_ranked,top_tier_candidate,Low,strong_icp_fit | independent_signal | preferred_hotel_type | core_geography,Na webe som nenašiel jasne uvedené otváracie hodiny alebo recepčné časy.,Radio Hotel Bratislava: krátky postreh,raw_bratislava region_2026-04-01_21-01-58-857.csv
Lead outreach - Hotel SOREA REGIA Bratislava,to do,,acc_a600c213a119,Prioritized,Hotel SOREA REGIA Bratislava,SK,Staré Mesto,8.35,Medium-High,Keep,A,top_ranked,top_tier_candidate,Low,strong_icp_fit | independent_signal | preferred_hotel_type | has_website,Na webe som nenašiel jasne uvedené otváracie hodiny alebo recepčné časy.,Hotel SOREA REGIA Bratislava: krátky postreh,raw_bratislava region_2026-04-01_21-01-58-857.csv
"Lead outreach - Hotel Orlan ( hotel Ružinov , Hotels )",to do,,acc_edd654bd3405,Prioritized,"Hotel Orlan ( hotel Ružinov , Hotels )",SK,Ružinov,8.34,Medium-High,Keep,A,top_ranked,top_tier_candidate,Low,strong_icp_fit | independent_signal | preferred_hotel_type | has_website,Na webe som nenašiel jasne uvedené otváracie hodiny alebo recepčné časy.,"Hotel Orlan ( hotel Ružinov , Hotels ): krátky postreh",raw_bratislava region_2026-04-01_21-01-58-857.csv
Lead outreach - ARCADIA BOUTIQUE HOTEL,to do,,acc_238cfebeea77,Prioritized,ARCADIA BOUTIQUE HOTEL,SK,Staré Mesto,8.2,Medium-High,Keep,A,top_ranked,top_tier_candidate,Low,strong_icp_fit | independent_signal | preferred_hotel_type | has_website,Na webe som nenašiel jasne uvedené otváracie hodiny alebo recepčné časy.,ARCADIA BOUTIQUE HOTEL: krátky postreh,raw_bratislava region_2026-04-01_21-01-58-857.csv
Lead outreach - Hotel Matyšák,to do,,acc_8e492462a172,Prioritized,Hotel Matyšák,SK,Staré Mesto,8.2,Medium-High,Keep,A,top_ranked,top_tier_candidate,Low,strong_icp_fit | independent_signal | preferred_hotel_type | has_website,Na webe som nenašiel jasne uvedené otváracie hodiny alebo recepčné časy.,Hotel Matyšák: krátky postreh,raw_bratislava region_2026-04-01_21-01-58-857.csv
Lead outreach - Hotel West,to do,,acc_b7c7870f0b7f,Prioritized,Hotel West,SK,Nové Mesto,8.19,Medium-High,Keep,A,top_ranked,top_tier_candidate,Low,strong_icp_fit | independent_signal | preferred_hotel_type | has_website,Na webe som nenašiel jasne uvedené otváracie hodiny alebo recepčné časy.,Hotel West: krátky postreh,raw_bratislava region_2026-04-01_21-01-58-857.csv
Lead outreach - Aviator Garni Hotel Bratislava,to do,,acc_61655874a689,Prioritized,Aviator Garni Hotel Bratislava,SK,Ružinov,8.19,Medium-High,Keep,A,top_ranked,top_tier_candidate,Low,strong_icp_fit | independent_signal | preferred_hotel_type | has_website,Na webe som nenašiel jasne uvedené otváracie hodiny alebo recepčné časy.,Aviator Garni Hotel Bratislava: krátky postreh,raw_bratislava region_2026-04-01_21-01-58-857.csv
Lead outreach - Hotel Set,to do,,acc_f7c5c56980e3,Prioritized,Hotel Set,SK,Nové Mesto,8.19,Medium-High,Keep,A,top_ranked,top_tier_candidate,Low,strong_icp_fit | independent_signal | preferred_hotel_type | has_website,Na webe som nenašiel jasne uvedené otváracie hodiny alebo recepčné časy.,Hotel Set: krátky postreh,raw_bratislava region_2026-04-01_21-01-58-857.csv
Lead outreach - Hotel Družba,to do,,acc_d98cf44a6f86,Prioritized,Hotel Družba,SK,Karlova Ves,8.18,Medium-High,Keep,A,top_ranked,top_tier_candidate,Low,strong_icp_fit | independent_signal | preferred_hotel_type | has_website,Na webe som nenašiel jasne uvedené otváracie hodiny alebo recepčné časy.,Hotel Družba: krátky postreh,raw_bratislava region_2026-04-01_21-01-58-857.csv
Lead outreach - Hotel Plus Bratislava,to do,,acc_a591e4f90cba,Prioritized,Hotel Plus Bratislava,SK,Ružinov,8.18,Medium-High,Keep,A,top_ranked,top_tier_candidate,Low,strong_icp_fit | independent_signal | preferred_hotel_type | has_website,Na webe som nenašiel jasne uvedené otváracie hodiny alebo recepčné časy.,Hotel Plus Bratislava: krátky postreh,raw_bratislava region_2026-04-01_21-01-58-857.csv
Lead outreach - Hotel Avion,to do,,acc_bd894c5b7889,Prioritized,Hotel Avion,SK,Ružinov,8.17,Medium-High,Keep,A,top_ranked,top_tier_candidate,Low,strong_icp_fit | independent_signal | preferred_hotel_type | has_website,Na webe som nenašiel jasne uvedené otváracie hodiny alebo recepčné časy.,Hotel Avion: krátky postreh,raw_bratislava region_2026-04-01_21-01-58-857.csv
Lead outreach - Hotel EXPO,to do,,acc_85d3ca6798c0,Prioritized,Hotel EXPO,SK,Petržalka,8.17,Medium-High,Keep,A,top_ranked,top_tier_candidate,Low,strong_icp_fit | independent_signal | preferred_hotel_type | has_website,Na webe som nenašiel jasne uvedené otváracie hodiny alebo recepčné časy.,Hotel EXPO: krátky postreh,raw_bratislava region_2026-04-01_21-01-58-857.csv
"Lead outreach - Hotel Remy, s.r.o.",to do,,acc_980e609b8352,Prioritized,"Hotel Remy, s.r.o.",SK,Nové Mesto,8.16,Medium-High,Keep,A,top_ranked,top_tier_candidate,Low,strong_icp_fit | independent_signal | preferred_hotel_type | has_website,Na webe som nenašiel jasne uvedené otváracie hodiny alebo recepčné časy.,"Hotel Remy, s.r.o.: krátky postreh",raw_bratislava region_2026-04-01_21-01-58-857.csv
Lead outreach - Hotel Esprit,to do,,acc_968fe4a9efcc,Prioritized,Hotel Esprit,SK,Petržalka,8.16,Medium-High,Keep,A,top_ranked,top_tier_candidate,Low,strong_icp_fit | independent_signal | preferred_hotel_type | has_website,Na webe som nenašiel jasne uvedené otváracie hodiny alebo recepčné časy.,Hotel Esprit: krátky postreh,raw_bratislava region_2026-04-01_21-01-58-857.csv
Lead outreach - Hotel Prim,to do,,acc_5d52c6b0e4c9,Prioritized,Hotel Prim,SK,Nové Mesto,8.15,Medium-High,Keep,A,top_ranked,phone_missing,Low,strong_icp_fit | independent_signal | preferred_hotel_type | has_website,Na webe som nenašiel jasne uvedené otváracie hodiny alebo recepčné časy.,Hotel Prim: krátky postreh,raw_bratislava region_2026-04-01_21-01-58-857.csv
Lead outreach - More Than Accommodation,to do,,acc_a0b8c1bc3e07,Prioritized,More Than Accommodation,SK,Petržalka,8.14,Medium-High,Keep,A,top_ranked,top_tier_candidate,Low,strong_icp_fit | independent_signal | preferred_hotel_type | has_website,Na webe som nenašiel jasne uvedené otváracie hodiny alebo recepčné časy.,More Than Accommodation: krátky postreh,raw_bratislava region_2026-04-01_21-01-58-857.csv
"Lead outreach - Radisson Blu Carlton Hotel, Bratislava",to do,,acc_799a21a7f7a3,Researching,"Radisson Blu Carlton Hotel, Bratislava",SK,Bratislava,8.02,Medium-High,Keep,A,top_ranked,chain_signal,High,strong_icp_fit | preferred_hotel_type | core_geography | has_website,Na webe som nenašiel jasne uvedené otváracie hodiny alebo recepčné časy.,"Radisson Blu Carlton Hotel, Bratislava: krátky postreh",raw_bratislava region_2026-04-01_21-01-58-857.csv
Lead outreach - AC Hotel Bratislava Old Town,to do,,acc_b4de01c23369,Researching,AC Hotel Bratislava Old Town,SK,Bratislava,8.02,Medium-High,Keep,A,top_ranked,chain_signal,High,strong_icp_fit | preferred_hotel_type | core_geography | has_website,Na webe som nenašiel jasne uvedené otváracie hodiny alebo recepčné časy.,AC Hotel Bratislava Old Town: krátky postreh,raw_bratislava region_2026-04-01_21-01-58-857.csv
Lead outreach - Park Inn by Radisson Danube Bratislava,to do,,acc_3e8f9bfc8a87,Researching,Park Inn by Radisson Danube Bratislava,SK,Bratislava,8.01,Medium-High,Keep,A,top_ranked,chain_signal,High,strong_icp_fit | preferred_hotel_type | core_geography | has_website,Na webe som nenašiel jasne uvedené otváracie hodiny alebo recepčné časy.,Park Inn by Radisson Danube Bratislava: krátky postreh,raw_bratislava region_2026-04-01_21-01-58-857.csv
Lead outreach - FanatiX Squash & Fitness Center,to do,,acc_fb8f91eea92b,Prioritized,FanatiX Squash & Fitness Center,SK,Bratislava,7.9,Medium-High,Review,B,top_tier_candidate,top_tier_candidate,Low,review_fit | independent_signal | core_geography | has_website,Na webe som nenašiel jasne uvedené otváracie hodiny alebo recepčné časy.,FanatiX Squash & Fitness Center: krátky postreh,raw_bratislava region_2026-04-01_21-01-58-857.csv
Lead outreach - Saunička,to do,,acc_92a6c09cd0f1,Prioritized,Saunička,SK,Bratislava,7.88,Medium-High,Review,B,top_tier_candidate,top_tier_candidate,Low,review_fit | independent_signal | core_geography | has_website,Na webe som nenašiel jasne uvedené otváracie hodiny alebo recepčné časy.,Saunička: krátky postreh,raw_bratislava region_2026-04-01_21-01-58-857.csv
"Lead outreach - Grand Hotel River Park, a Luxury Collection Hotel",to do,,acc_707865f71dd9,Researching,"Grand Hotel River Park, a Luxury Collection Hotel",SK,Bratislava,7.7,Medium-High,Keep,B,chain_signal,chain_signal,High,strong_icp_fit | preferred_hotel_type | core_geography | has_website,Na webe som nenašiel jasne uvedené otváracie hodiny alebo recepčné časy.,"Grand Hotel River Park, a Luxury Collection Hotel: krátky postreh",raw_bratislava region_2026-04-01_21-01-58-857.csv
Lead outreach - Sheraton Bratislava,to do,,acc_fbce02df28e5,Researching,Sheraton Bratislava,SK,Bratislava,7.7,Medium-High,Keep,B,chain_signal,chain_signal,High,strong_icp_fit | preferred_hotel_type | core_geography | has_website,Na webe som nenašiel jasne uvedené otváracie hodiny alebo recepčné časy.,Sheraton Bratislava: krátky postreh,raw_bratislava region_2026-04-01_21-01-58-857.csv
Lead outreach - Crowne Plaza Bratislava,to do,,acc_e2884b5525a0,Researching,Crowne Plaza Bratislava,SK,Bratislava,7.7,Medium-High,Keep,B,chain_signal,chain_signal,High,strong_icp_fit | preferred_hotel_type | core_geography | has_website,Na webe som nenašiel jasne uvedené otváracie hodiny alebo recepčné časy.,Crowne Plaza Bratislava: krátky postreh,raw_bratislava region_2026-04-01_21-01-58-857.csv
Lead outreach - DoubleTree by Hilton Bratislava,to do,,acc_9481d0300c99,Researching,DoubleTree by Hilton Bratislava,SK,Bratislava,7.7,Medium-High,Keep,B,chain_signal,chain_signal,High,strong_icp_fit | preferred_hotel_type | core_geography | has_website,Na webe som nenašiel jasne uvedené otváracie hodiny alebo recepčné časy.,DoubleTree by Hilton Bratislava: krátky postreh,raw_bratislava region_2026-04-01_21-01-58-857.csv
Lead outreach - Hostel Alex,to do,,acc_03ac0096d7c6,Researching,Hostel Alex,SK,Bratislava,7.66,Medium-High,Keep,B,review_type,review_type,Low,strong_icp_fit | independent_signal | core_geography | has_website,Na webe som nenašiel jasne uvedené otváracie hodiny alebo recepčné časy.,Hostel Alex: krátky postreh,raw_bratislava region_2026-04-01_21-01-58-857.csv
Lead outreach - Uninova Hostel,to do,,acc_039c33b6b7af,Researching,Uninova Hostel,SK,Bratislava,7.66,Medium-High,Keep,B,review_type,review_type,Low,strong_icp_fit | independent_signal | core_geography | has_website,Na webe som nenašiel jasne uvedené otváracie hodiny alebo recepčné časy.,Uninova Hostel: krátky postreh,raw_bratislava region_2026-04-01_21-01-58-857.csv
Lead outreach - Penzión Angelika,to do,,acc_9255e74c9ffd,Researching,Penzión Angelika,SK,Bratislava,7.61,Medium-High,Keep,B,review_type,review_type,Low,strong_icp_fit | independent_signal | core_geography | has_website,Na webe som nenašiel jasne uvedené otváracie hodiny alebo recepčné časy.,Penzión Angelika: krátky postreh,raw_bratislava region_2026-04-01_21-01-58-857.csv
Lead outreach - Dobrá Lipa,to do,3,acc_cef5a82860a4,Researching,Dobrá Lipa,SK,Vajnory,7.46,Medium,Review,B,review_type,review_type,Low,review_fit | independent_signal | has_website | has_phone,Na webe som nenašiel jasne uvedené otváracie hodiny alebo recepčné časy.,Dobrá Lipa: krátky postreh,raw_bratislava region_2026-04-01_21-01-58-857.csv
Lead outreach - YACHTER CLUB Modrá Čajka,to do,3,acc_c870657d734a,Backlog,YACHTER CLUB Modrá Čajka,SK,Čunovo,7.44,Medium,Review,B,top_tier_candidate,top_tier_candidate,Low,review_fit | independent_signal | has_website | has_phone,Na webe som nenašiel jasne uvedené otváracie hodiny alebo recepčné časy.,YACHTER CLUB Modrá Čajka: krátky postreh,raw_bratislava region_2026-04-01_21-01-58-857.csv
Lead outreach - LILAWADI - Wellness & Spa,to do,3,acc_3d30c69f0dea,Backlog,LILAWADI - Wellness & Spa,SK,Karlova Ves,7.44,Medium,Review,B,top_tier_candidate,top_tier_candidate,Low,review_fit | independent_signal | has_website | has_phone,Na webe som nenašiel jasne uvedené otváracie hodiny alebo recepčné časy.,LILAWADI - Wellness & Spa: krátky postreh,raw_bratislava region_2026-04-01_21-01-58-857.csv
Lead outreach - Dunajský Pivovar,to do,3,acc_e7ba348c6ea8,Backlog,Dunajský Pivovar,SK,Bratislava-Petržalka,7.43,Medium,Review,B,top_tier_candidate,top_tier_candidate,Low,review_fit | independent_signal | has_website | has_phone,Na webe som nenašiel jasne uvedené otváracie hodiny alebo recepčné časy.,Dunajský Pivovar: krátky postreh,raw_bratislava region_2026-04-01_21-01-58-857.csv
Lead outreach - Hotel NH Bratislava Gate One,to do,3,acc_a4b6d0ffb2b8,Researching,Hotel NH Bratislava Gate One,SK,Bratislava,7.38,Medium,Keep,B,chain_signal,chain_signal,High,strong_icp_fit | preferred_hotel_type | core_geography | has_website,Na webe som nenašiel jasne uvedené otváracie hodiny alebo recepčné časy.,Hotel NH Bratislava Gate One: krátky postreh,raw_bratislava region_2026-04-01_21-01-58-857.csv
Lead outreach - Vienna House Easy Bratislava,to do,3,acc_fbc04e417f29,Researching,Vienna House Easy Bratislava,SK,Bratislava,7.37,Medium,Keep,B,chain_signal,chain_signal,High,strong_icp_fit | preferred_hotel_type | core_geography | has_website,Na webe som nenašiel jasne uvedené otváracie hodiny alebo recepčné časy.,Vienna House Easy Bratislava: krátky postreh,raw_bratislava region_2026-04-01_21-01-58-857.csv
Lead outreach - Plaváreň Nivy,to do,3,acc_657adfc5cef4,Backlog,Plaváreň Nivy,SK,Bratislava,7.32,Medium,Review,B,top_tier_candidate,top_tier_candidate,Low,review_fit | independent_signal | core_geography | has_website,Na webe som nenašiel jasne uvedené otváracie hodiny alebo recepčné časy.,Plaváreň Nivy: krátky postreh,raw_bratislava region_2026-04-01_21-01-58-857.csv
Lead outreach - Penzión Hviezda,to do,3,acc_3bcd7502e14d,Backlog,Penzión Hviezda,SK,Bratislava,7.32,Medium,Review,B,top_tier_candidate,top_tier_candidate,Low,review_fit | independent_signal | core_geography | has_website,Na webe som nenašiel jasne uvedené otváracie hodiny alebo recepčné časy.,Penzión Hviezda: krátky postreh,raw_bratislava region_2026-04-01_21-01-58-857.csv
Lead outreach - Apartmány Lafranconi,to do,3,acc_01ec0ae9ffe7,Researching,Apartmány Lafranconi,SK,Staré Mesto,7.3,Medium,Review,B,review_type,review_type,Low,review_fit | independent_signal | has_website | has_phone,Na webe som nenašiel jasne uvedené otváracie hodiny alebo recepčné časy.,Apartmány Lafranconi: krátky postreh,raw_bratislava region_2026-04-01_21-01-58-857.csv
"Lead outreach - ZEN SPA - float, privátna sauna, masáž",to do,3,acc_46eb14d7a33b,Backlog,"ZEN SPA - float, privátna sauna, masáž",SK,Bratislava,7.29,Medium,Review,B,top_tier_candidate,top_tier_candidate,Low,review_fit | independent_signal | core_geography | has_website,Na webe som nenašiel jasne uvedené otváracie hodiny alebo recepčné časy.,"ZEN SPA - float, privátna sauna, masáž: krátky postreh",raw_bratislava region_2026-04-01_21-01-58-857.csv
Lead outreach - Ayur Ganesh - Ajurvédske Centrum,to do,3,acc_9f09be9bd6ee,Backlog,Ayur Ganesh - Ajurvédske Centrum,SK,Bratislava,7.25,Medium,Review,B,top_tier_candidate,top_tier_candidate,Low,review_fit | independent_signal | core_geography | has_website,Na webe som nenašiel jasne uvedené otváracie hodiny alebo recepčné časy.,Ayur Ganesh - Ajurvédske Centrum: krátky postreh,raw_bratislava region_2026-04-01_21-01-58-857.csv
Lead outreach - Tantra Diamond,to do,3,acc_9701e5de1369,Backlog,Tantra Diamond,SK,Bratislava,7.23,Medium,Review,B,top_tier_candidate,top_tier_candidate,Low,review_fit | independent_signal | core_geography | has_website,Na webe som nenašiel jasne uvedené otváracie hodiny alebo recepčné časy.,Tantra Diamond: krátky postreh,raw_bratislava region_2026-04-01_21-01-58-857.csv
"Lead outreach - LUXURY - Brands CELINE, BRUNELLO CUCINELLI , TOM FORD, KITON, ZIMMERMAN, KHAITE and more",to do,3,acc_c77424473390,Backlog,"LUXURY - Brands CELINE, BRUNELLO CUCINELLI , TOM FORD, KITON, ZIMMERMAN, KHAITE and more",SK,Bratislava,7.2,Medium,Review,B,top_tier_candidate,top_tier_candidate,Low,review_fit | independent_signal | core_geography | has_website,Na webe som nenašiel jasne uvedené otváracie hodiny alebo recepčné časy.,"LUXURY - Brands CELINE, BRUNELLO CUCINELLI , TOM FORD, KITON, ZIMMERMAN, KHAITE and more: krátky postreh",raw_bratislava region_2026-04-01_21-01-58-857.csv
Lead outreach - Elysium Spa,to do,3,acc_7973c0691b45,Backlog,Elysium Spa,SK,Staré Mesto,7.2,Medium,Review,B,top_tier_candidate,top_tier_candidate,Low,review_fit | independent_signal | has_website | has_phone,Na webe som nenašiel jasne uvedené otváracie hodiny alebo recepčné časy.,Elysium Spa: krátky postreh,raw_bratislava region_2026-04-01_21-01-58-857.csv
Lead outreach - The Spa - Luxury thai massage & Spa,to do,3,acc_874ddc8ccd46,Backlog,The Spa - Luxury thai massage & Spa,SK,Petržalka,7.07,Medium,Review,B,top_tier_candidate,top_tier_candidate,Low,review_fit | independent_signal | has_website | has_phone,Na webe som nenašiel jasne uvedené otváracie hodiny alebo recepčné časy.,The Spa - Luxury thai massage & Spa: krátky postreh,raw_bratislava region_2026-04-01_21-01-58-857.csv
Lead outreach - Thai massage - Massage,to do,3,acc_c8f560ce2d66,Backlog,Thai massage - Massage,SK,Bratislava,7.04,Medium,Review,B,top_tier_candidate,top_tier_candidate,Low,review_fit | independent_signal | core_geography | has_website,Na webe som nenašiel jasne uvedené otváracie hodiny alebo recepčné časy.,Thai massage - Massage: krátky postreh,raw_bratislava region_2026-04-01_21-01-58-857.csv
Lead outreach - The Spa Barok - Luxury Thai massage & Spa,to do,3,acc_9f931b372aad,Backlog,The Spa Barok - Luxury Thai massage & Spa,SK,Bratislava-Petržalka,7.04,Medium,Review,B,top_tier_candidate,top_tier_candidate,Low,review_fit | independent_signal | has_website | has_phone,Na webe som nenašiel jasne uvedené otváracie hodiny alebo recepčné časy.,The Spa Barok - Luxury Thai massage & Spa: krátky postreh,raw_bratislava region_2026-04-01_21-01-58-857.csv
Lead outreach - Wellmass coffe & wellness,to do,3,acc_5afcd55a2aef,Backlog,Wellmass coffe & wellness,SK,Bratislava,7.03,Medium,Review,B,top_tier_candidate,top_tier_candidate,Low,review_fit | independent_signal | core_geography | has_website,Na webe som nenašiel jasne uvedené otváracie hodiny alebo recepčné časy.,Wellmass coffe & wellness: krátky postreh,raw_bratislava region_2026-04-01_21-01-58-857.csv
Lead outreach - Golden cave. thai massage,to do,3,acc_7532407af343,Backlog,Golden cave. thai massage,SK,Bratislava,7.02,Medium,Review,B,top_tier_candidate,top_tier_candidate,Low,review_fit | independent_signal | core_geography | has_website,Na webe som nenašiel jasne uvedené otváracie hodiny alebo recepčné časy.,Golden cave. thai massage: krátky postreh,raw_bratislava region_2026-04-01_21-01-58-857.csv
Lead outreach - Penzion Helios,to do,3,acc_1fb27825b53b,Researching,Penzion Helios,SK,Devínska Nová Ves,6.97,Medium,Review,B,chain_signal,chain_signal,High,review_fit | preferred_hotel_type | has_website | has_phone,Na webe som nenašiel jasne uvedené otváracie hodiny alebo recepčné časy.,Penzion Helios: krátky postreh,raw_bratislava region_2026-04-01_21-01-58-857.csv
Lead outreach - Sauna Luma,to do,3,acc_d7f1b9332386,Backlog,Sauna Luma,SK,Karlova Ves,6.9,Medium,Review,B,top_tier_candidate,top_tier_candidate,Low,review_fit | independent_signal | has_website | has_phone,Na webe som nenašiel jasne uvedené otváracie hodiny alebo recepčné časy.,Sauna Luma: krátky postreh,raw_bratislava region_2026-04-01_21-01-58-857.csv
Lead outreach - Apartments Hotel Elisabeth,to do,3,acc_8fbdd0f183f3,Backlog,Apartments Hotel Elisabeth,SK,Bratislava,6.88,Medium,Keep,B,website_missing | website_missing,website_missing | website_missing,Low,strong_icp_fit | independent_signal | preferred_hotel_type | core_geography,Na webe som nenašiel jasne uvedené otváracie hodiny alebo recepčné časy.,Apartments Hotel Elisabeth: krátky postreh,raw_bratislava region_2026-04-01_21-01-58-857.csv
Lead outreach - UBYTOVANIE,to do,3,acc_19f301df0312,Backlog,UBYTOVANIE,SK,Bratislava,6.87,Medium,Keep,B,website_missing | website_missing,website_missing | website_missing,Low,strong_icp_fit | independent_signal | preferred_hotel_type | core_geography,Na webe som nenašiel jasne uvedené otváracie hodiny alebo recepčné časy.,UBYTOVANIE: krátky postreh,raw_bratislava region_2026-04-01_21-01-58-857.csv
Lead outreach - BERG penzion,to do,3,acc_6134ccbeab8a,Backlog,BERG penzion,SK,Petržalka,6.79,Medium,Review,B,top_tier_candidate,top_tier_candidate,Low,review_fit | independent_signal | has_website | has_phone,Na webe som nenašiel jasne uvedené otváracie hodiny alebo recepčné časy.,BERG penzion: krátky postreh,raw_bratislava region_2026-04-01_21-01-58-857.csv
Lead outreach - Form Factory Nivy,to do,3,acc_38e151cac455,Backlog,Form Factory Nivy,SK,Ružinov,6.79,Medium,Review,B,top_tier_candidate,top_tier_candidate,Low,review_fit | independent_signal | has_website | has_phone,Na webe som nenašiel jasne uvedené otváracie hodiny alebo recepčné časy.,Form Factory Nivy: krátky postreh,raw_bratislava region_2026-04-01_21-01-58-857.csv
Lead outreach - Hotel Viktor,to do,3,acc_e347b1e55b0c,Backlog,Hotel Viktor,SK,Petržalka,6.78,Medium,Review,B,top_tier_candidate,top_tier_candidate,Low,review_fit | independent_signal | has_website | has_phone,Na webe som nenašiel jasne uvedené otváracie hodiny alebo recepčné časy.,Hotel Viktor: krátky postreh,raw_bratislava region_2026-04-01_21-01-58-857.csv
Lead outreach - Botel Pressburg & Restaurant,to do,3,acc_6d3dad03fefe,Backlog,Botel Pressburg & Restaurant,SK,Staré Mesto,6.74,Medium,Keep,B,website_missing | website_missing,website_missing | website_missing,Low,strong_icp_fit | independent_signal | preferred_hotel_type | has_phone,Na webe som nenašiel jasne uvedené otváracie hodiny alebo recepčné časy.,Botel Pressburg & Restaurant: krátky postreh,raw_bratislava region_2026-04-01_21-01-58-857.csv
Lead outreach - Riverpark Dance School,to do,3,acc_980c51ff038d,Backlog,Riverpark Dance School,SK,Staré Mesto,6.73,Medium,Review,B,top_tier_candidate,top_tier_candidate,Low,review_fit | independent_signal | has_website | has_phone,Na webe som nenašiel jasne uvedené otváracie hodiny alebo recepčné časy.,Riverpark Dance School: krátky postreh,raw_bratislava region_2026-04-01_21-01-58-857.csv
Lead outreach - Masážny salón Mandala,to do,3,acc_5f40ca78e12a,Backlog,Masážny salón Mandala,SK,Staré Mesto,6.72,Medium,Review,B,top_tier_candidate,top_tier_candidate,Low,review_fit | independent_signal | has_website | has_phone,Na webe som nenašiel jasne uvedené otváracie hodiny alebo recepčné časy.,Masážny salón Mandala: krátky postreh,raw_bratislava region_2026-04-01_21-01-58-857.csv
Lead outreach - ZION SPA,to do,3,acc_e87b198e5751,Backlog,ZION SPA,SK,Staré Mesto,6.71,Medium,Review,B,top_tier_candidate,top_tier_candidate,Low,review_fit | independent_signal | has_website | has_phone,Na webe som nenašiel jasne uvedené otváracie hodiny alebo recepčné časy.,ZION SPA: krátky postreh,raw_bratislava region_2026-04-01_21-01-58-857.csv
Lead outreach - Ubytovňa Nivy,to do,3,acc_a018dda21d65,Backlog,Ubytovňa Nivy,SK,Bratislava,6.7,Medium,Keep,B,website_missing | website_missing,website_missing | website_missing,Low,strong_icp_fit | independent_signal | preferred_hotel_type | core_geography,Na webe som nenašiel jasne uvedené otváracie hodiny alebo recepčné časy.,Ubytovňa Nivy: krátky postreh,raw_bratislava region_2026-04-01_21-01-58-857.csv
Lead outreach - Wellness Modena,to do,3,acc_892b7afb7d27,Backlog,Wellness Modena,SK,Ružinov,6.7,Medium,Review,B,top_tier_candidate,top_tier_candidate,Low,review_fit | independent_signal | has_website | has_phone,Na webe som nenašiel jasne uvedené otváracie hodiny alebo recepčné časy.,Wellness Modena: krátky postreh,raw_bratislava region_2026-04-01_21-01-58-857.csv
Lead outreach - Catalog Boutique Rooms,to do,3,acc_0d41087390d8,Researching,Catalog Boutique Rooms,SK,Bratislava,6.54,Medium,Keep,B,website_and_phone_missing | website_missing,website_and_phone_missing | website_missing,Low,strong_icp_fit | independent_signal | preferred_hotel_type | core_geography,Na webe som nenašiel jasne uvedené otváracie hodiny alebo recepčné časy.,Catalog Boutique Rooms: krátky postreh,raw_bratislava region_2026-04-01_21-01-58-857.csv
Lead outreach - Ikaros Hotel,to do,3,acc_8cdf078f80c7,Researching,Ikaros Hotel,SK,Bratislava,6.52,Medium,Keep,B,website_and_phone_missing | website_missing,website_and_phone_missing | website_missing,Low,strong_icp_fit | independent_signal | preferred_hotel_type | core_geography,Na webe som nenašiel jasne uvedené otváracie hodiny alebo recepčné časy.,Ikaros Hotel: krátky postreh,raw_bratislava region_2026-04-01_21-01-58-857.csv
Lead outreach - River View Apartments,to do,4,acc_0adb0228fbab,Backlog,River View Apartments,SK,Staré Mesto,6.25,Low,Keep,C,website_missing | website_missing,website_missing | website_missing,Low,strong_icp_fit | independent_signal | preferred_hotel_type | has_phone,Na webe som nenašiel jasne uvedené otváracie hodiny alebo recepčné časy.,River View Apartments: krátky postreh,raw_bratislava region_2026-04-01_21-01-58-857.csv
Lead outreach - Optimum Devinska,to do,4,acc_a343ba7b6b2d,Researching,Optimum Devinska,SK,Devínska Nová Ves,6.0,Low,Keep,C,website_and_phone_missing | website_missing,website_and_phone_missing | website_missing,Low,strong_icp_fit | independent_signal | preferred_hotel_type,Na webe som nenašiel jasne uvedené otváracie hodiny alebo recepčné časy.,Optimum Devinska: krátky postreh,raw_bratislava region_2026-04-01_21-01-58-857.csv
Lead outreach - U Teodora Apartments,to do,4,acc_9399759fb40b,Researching,U Teodora Apartments,SK,Bratislava,5.65,Low,Keep,C,website_and_phone_missing | website_missing | review_type,website_and_phone_missing | website_missing | review_type,Low,strong_icp_fit | independent_signal | core_geography,Na webe som nenašiel jasne uvedené otváracie hodiny alebo recepčné časy.,U Teodora Apartments: krátky postreh,raw_bratislava region_2026-04-01_21-01-58-857.csv
Lead outreach - Hotel Barónka,to do,4,acc_2ee3f29850e4,Backlog,Hotel Barónka,SK,Rača,5.51,Low,Review,C,website_missing | website_missing,website_missing | website_missing,Low,review_fit | independent_signal | has_phone,Na webe som nenašiel jasne uvedené otváracie hodiny alebo recepčné časy.,Hotel Barónka: krátky postreh,raw_bratislava region_2026-04-01_21-01-58-857.csv
Lead outreach - Ubytovňa Narva,to do,4,acc_96a9560f0606,Researching,Ubytovňa Narva,SK,Rača,5.36,Low,Review,C,website_missing | website_missing | review_type,website_missing | website_missing | review_type,Low,review_fit | independent_signal | has_phone,Na webe som nenašiel jasne uvedené otváracie hodiny alebo recepčné časy.,Ubytovňa Narva: krátky postreh,raw_bratislava region_2026-04-01_21-01-58-857.csv
Lead outreach - Bed & Breakfast Apartment Ginko,to do,4,acc_31e160491217,Backlog,Bed & Breakfast Apartment Ginko,SK,Bratislava,5.33,Low,Review,C,website_missing | website_missing,website_missing | website_missing,Low,review_fit | independent_signal | core_geography | has_phone,Na webe som nenašiel jasne uvedené otváracie hodiny alebo recepčné časy.,Bed & Breakfast Apartment Ginko: krátky postreh,raw_bratislava region_2026-04-01_21-01-58-857.csv
Lead outreach - Chill time wellness & spa,to do,4,acc_e3a71cbb31be,Backlog,Chill time wellness & spa,SK,Bratislava,5.31,Low,Review,C,website_missing | website_missing,website_missing | website_missing,Low,review_fit | independent_signal | core_geography | has_phone,Na webe som nenašiel jasne uvedené otváracie hodiny alebo recepčné časy.,Chill time wellness & spa: krátky postreh,raw_bratislava region_2026-04-01_21-01-58-857.csv
Lead outreach - Penzión V Lamači - Zdenka Pánisová,to do,4,acc_35658cb09fcb,Researching,Penzión V Lamači - Zdenka Pánisová,SK,Lamač,4.98,Low,Review,D,website_and_phone_missing | website_missing | review_type,website_and_phone_missing | website_missing | review_type,Low,review_fit | independent_signal,Na webe som nenašiel jasne uvedené otváracie hodiny alebo recepčné časy.,Penzión V Lamači - Zdenka Pánisová: krátky postreh,raw_bratislava region_2026-04-01_21-01-58-857.csv
