account_id,hotel_name,city,subject_line,hook,personalization_line,give_first_line,relevance_line,proof_line,low_friction_cta,cold_email,followup_email,primary_email_goal,business_interest_summary,main_bottleneck_hypothesis,recommended_hook,call_hypothesis,commercial_verdict,email_angle,cta_type,variant_id,test_batch,reply_outcome,ranking_score,priority_band,why_not_top_tier,rank_bucket,rank_bucket_reason,ranking_reason,review_bucket,review_flag,review_reason,active_icp_profile,source_file,ranking_score_final,priority_level_final,rank_bucket_final,decision_status,manual_review_needed,review_queue_reason_codes
acc_d7e3595aefb6,Billabong Retreat,Maraylya,Billabong Retreat: krátky postreh k prevádzkovým info,Krátky postreh k neistota ohľadom prevádzkových hodín a kapacity izieb môže sťažiť presné zacielenie ponúk.,Krátky postreh k neistota ohľadom prevádzkových hodín a kapacity izieb môže sťažiť presné zacielenie ponúk.,Krátky postreh k neistota ohľadom prevádzkových hodín a kapacity izieb môže sťažiť presné zacielenie ponúk.,Neistota ohľadom prevádzkových hodín a kapacity izieb môže sťažiť presné zacielenie ponúk.,Vychádzal som z verejne uvedeného check-in/check-out: Check-in od 08:30.,"Ak chcete, pošlem 3 stručné postrehy v krátkej forme.","Dobrý deň,

Krátky postreh k neistota ohľadom prevádzkových hodín a kapacity izieb môže sťažiť presné zacielenie ponúk.
Krátky postreh k neistota ohľadom prevádzkových hodín a kapacity izieb môže sťažiť presné zacielenie ponúk.
Neistota ohľadom prevádzkových hodín a kapacity izieb môže sťažiť presné zacielenie ponúk.
Vychádzal som z verejne uvedeného check-in/check-out: Check-in od 08:30.

Ak chcete, pošlem 3 stručné postrehy v krátkej forme.

S pozdravom","Dobrý deň,

jemne sa pripomínam k predošlej správe pre Billabong Retreat.
Ak chcete, pošlem 3 stručné postrehy v krátkej forme.

S pozdravom",reply_with_permission,"Billabong Retreat je nezávislý rezort hotel v Maraylya s vysokým hodnotením 4,7 z 286 recenzií a overeným check-in od 08:30.",Neistota ohľadom prevádzkových hodín a kapacity izieb môže sťažiť presné zacielenie ponúk.,Krátky postreh k neistota ohľadom prevádzkových hodín a kapacity izieb môže sťažiť presné zacielenie ponúk.,"Overiť aktuálne prevádzkové hodiny, počet izieb a dostupnosť ďalších služieb ako wellness a parkovanie.",zaujímavý prospect,opening_hours_clarity,low_friction_permission,A1,Sydney 100,,81.01,Medium-High,geo_mismatch,A,top_ranked,strong_icp_fit | independent_signal | preferred_hotel_type | out_of_profile_geography,manual_review,yes,out_of_profile_geography,slovakia_independent_3_4_star,Sydney 100.csv,85.21,High,A,manual_review,yes,high_uncertainty
acc_462634ba1b0d,The Hornsby Inn,Hornsby,The Hornsby Inn: krátky postreh k event dopytu,"Všimli sme si, že The Hornsby Inn má dlhé otváracie hodiny a ponúka eventové priestory, čo môže vyžadovať optimalizáciu…","Všimli sme si, že The Hornsby Inn má dlhé otváracie hodiny a ponúka eventové priestory, čo môže vyžadovať optimalizáciu…","Všimli sme si, že The Hornsby Inn má dlhé otváracie hodiny a ponúka eventové priestory, čo môže vyžadovať optimalizáciu…",Neistota ohľadom doplnkových služieb a check-in/check-out procesov môže brzdiť efektívnu komunikáciu a ponuku služieb.,"Vychádzal som z verejne uvedených hodín: Monday, Tuesday, Wednesday, Thursday, Friday, Saturday: 10:00-03:00; Sunday: 10:00-22:00.","Ak chcete, pošlem 3 stručné postrehy v krátkej forme.","Dobrý deň,

Všimli sme si, že The Hornsby Inn má dlhé otváracie hodiny a ponúka eventové priestory, čo môže vyžadovať optimalizáciu…
Všimli sme si, že The Hornsby Inn má dlhé otváracie hodiny a ponúka eventové priestory, čo môže vyžadovať optimalizáciu…
Neistota ohľadom doplnkových služieb a check-in/check-out procesov môže brzdiť efektívnu komunikáciu a ponuku služieb.
Vychádzal som z verejne uvedených hodín: Monday, Tuesday, Wednesday, Thursday, Friday, Saturday: 10:00-03:00; Sunday: 10:00-22:00.

Ak chcete, pošlem 3 stručné postrehy v krátkej forme.

S pozdravom","Dobrý deň,

jemne sa pripomínam k predošlej správe pre The Hornsby Inn.
Ak chcete, pošlem 3 stručné postrehy v krátkej forme.

S pozdravom",reply_with_permission,"The Hornsby Inn je nezávislý prevádzkovateľ s 10 izbami a silným hodnotením 4,0 z 682 recenzií v kategórii Pub v Hornsby, Austrália.",Neistota ohľadom doplnkových služieb a check-in/check-out procesov môže brzdiť efektívnu komunikáciu a ponuku služieb.,"Všimli sme si, že The Hornsby Inn má dlhé otváracie hodiny a ponúka eventové priestory, čo môže vyžadovať optimalizáciu…",Overiť záujem o riešenia pre efektívnejšiu správu eventov a rezervácií vzhľadom na dlhé otváracie hodiny a malý počet izieb.,zaujímavý prospect,checkin_checkout_clarity,low_friction_permission,A2,Sydney 100,,81.3,Medium-High,geo_mismatch,A,top_ranked,strong_icp_fit | independent_signal | preferred_hotel_type | out_of_profile_geography,manual_review,yes,out_of_profile_geography,slovakia_independent_3_4_star,Sydney 100.csv,85.2,High,A,outreach_now,no,
acc_9f2cb7250cf5,Miramare Gardens,Terrey Hills,Miramare Gardens: krátky postreh k prevádzkovým info,Krátky postreh k možný nedostatok detailných informácií o kapacitách a službách môže sťažiť personalizovaný predajný pr…,Krátky postreh k možný nedostatok detailných informácií o kapacitách a službách môže sťažiť personalizovaný predajný pr…,Krátky postreh k možný nedostatok detailných informácií o kapacitách a službách môže sťažiť personalizovaný predajný pr…,Možný nedostatok detailných informácií o kapacitách a službách môže sťažiť personalizovaný predajný prístup.,"Vychádzal som z verejne uvedených hodín: Monday,Tuesday,Wednesday,Thursday,Friday,Saturday,Sunday 09:00-17:00.","Ak chcete, pošlem 3 stručné postrehy v krátkej forme.","Dobrý deň,

Krátky postreh k možný nedostatok detailných informácií o kapacitách a službách môže sťažiť personalizovaný predajný pr…
Krátky postreh k možný nedostatok detailných informácií o kapacitách a službách môže sťažiť personalizovaný predajný pr…
Možný nedostatok detailných informácií o kapacitách a službách môže sťažiť personalizovaný predajný prístup.
Vychádzal som z verejne uvedených hodín: Monday,Tuesday,Wednesday,Thursday,Friday,Saturday,Sunday 09:00-17:00.

Ak chcete, pošlem 3 stručné postrehy v krátkej forme.

S pozdravom","Dobrý deň,

jemne sa pripomínam k predošlej správe pre Miramare Gardens.
Ak chcete, pošlem 3 stručné postrehy v krátkej forme.

S pozdravom",reply_with_permission,"Miramare Gardens je nezávislý preferovaný hotel v Terrey Hills s hodnotením 4,4 z 790 recenzií a ponúka priestory pre eventy a kongresy.",Možný nedostatok detailných informácií o kapacitách a službách môže sťažiť personalizovaný predajný prístup.,Krátky postreh k možný nedostatok detailných informácií o kapacitách a službách môže sťažiť personalizovaný predajný pr…,"Overiť presný počet izieb, dostupnosť wellness a reštauračných služieb a zistiť aktuálne výzvy pri správe eventových priestorov.",zaujímavý prospect,checkin_checkout_clarity,low_friction_permission,A2,Sydney 100,,81.38,Medium-High,geo_mismatch,A,top_ranked,strong_icp_fit | independent_signal | preferred_hotel_type | out_of_profile_geography,manual_review,yes,out_of_profile_geography,slovakia_independent_3_4_star,Sydney 100.csv,84.78,Medium-High,B,outreach_now,no,
acc_85a1025fc0d6,Quest Bella Vista,Bella Vista,Quest Bella Vista: krátky nápad,"Krátky pohľad na to, kde sa dá ešte zjednodušiť cesta od prvého záujmu k priamemu dopytu.","Krátky pohľad na to, kde sa dá ešte zjednodušiť cesta od prvého záujmu k priamemu dopytu.","Krátky pohľad na to, kde sa dá ešte zjednodušiť cesta od prvého záujmu k priamemu dopytu.","Praktické informácie nie sú všade rovnako jasné, čo môže brzdiť prvý kontakt alebo rozhodnutie.",Pozeral som len verejne dostupný profil a základné kontaktné údaje.,"Ak chcete, pošlem 3 stručné postrehy v krátkej forme.","Dobrý deň,

Krátky pohľad na to, kde sa dá ešte zjednodušiť cesta od prvého záujmu k priamemu dopytu.
Krátky pohľad na to, kde sa dá ešte zjednodušiť cesta od prvého záujmu k priamemu dopytu.
Praktické informácie nie sú všade rovnako jasné, čo môže brzdiť prvý kontakt alebo rozhodnutie.
Pozeral som len verejne dostupný profil a základné kontaktné údaje.

Ak chcete, pošlem 3 stručné postrehy v krátkej forme.

S pozdravom","Dobrý deň,

jemne sa pripomínam k predošlej správe pre Quest Bella Vista.
Ak chcete, pošlem 3 stručné postrehy v krátkej forme.

S pozdravom",reply_with_permission,Quest Bella Vista v Bella Vista pôsobí ako stabilný account s verejne čitateľným profilom a slušným review základom.,"Praktické informácie nie sú všade rovnako jasné, čo môže brzdiť prvý kontakt alebo rozhodnutie.","Krátky pohľad na to, kde sa dá ešte zjednodušiť cesta od prvého záujmu k priamemu dopytu.","Na krátkom hovore sa oplatí overiť, ktoré typy dopytu dnes dominujú a kde vzniká najväčšie váhanie pred kontaktom alebo rezerváciou.",zaujímavý prospect,opening_hours_clarity,low_friction_permission,A1,Sydney 100,,79.8,Medium-High,geo_mismatch,B,geo_mismatch,strong_icp_fit | independent_signal | preferred_hotel_type | out_of_profile_geography,manual_review,yes,out_of_profile_geography,slovakia_independent_3_4_star,Sydney 100.csv,82.8,Medium-High,B,manual_review,yes,low_factual_completeness
acc_401880adbecd,Quest Penrith,Penrith,Quest Penrith: krátky nápad,"Krátky pohľad na to, kde sa dá ešte zjednodušiť cesta od prvého záujmu k priamemu dopytu.","Krátky pohľad na to, kde sa dá ešte zjednodušiť cesta od prvého záujmu k priamemu dopytu.","Krátky pohľad na to, kde sa dá ešte zjednodušiť cesta od prvého záujmu k priamemu dopytu.","Praktické informácie nie sú všade rovnako jasné, čo môže brzdiť prvý kontakt alebo rozhodnutie.",Pozeral som len verejne dostupný profil a základné kontaktné údaje.,"Ak chcete, pošlem 3 stručné postrehy v krátkej forme.","Dobrý deň,

Krátky pohľad na to, kde sa dá ešte zjednodušiť cesta od prvého záujmu k priamemu dopytu.
Krátky pohľad na to, kde sa dá ešte zjednodušiť cesta od prvého záujmu k priamemu dopytu.
Praktické informácie nie sú všade rovnako jasné, čo môže brzdiť prvý kontakt alebo rozhodnutie.
Pozeral som len verejne dostupný profil a základné kontaktné údaje.

Ak chcete, pošlem 3 stručné postrehy v krátkej forme.

S pozdravom","Dobrý deň,

jemne sa pripomínam k predošlej správe pre Quest Penrith.
Ak chcete, pošlem 3 stručné postrehy v krátkej forme.

S pozdravom",reply_with_permission,Quest Penrith v Penrith pôsobí ako stabilný account s verejne čitateľným profilom a slušným review základom.,"Praktické informácie nie sú všade rovnako jasné, čo môže brzdiť prvý kontakt alebo rozhodnutie.","Krátky pohľad na to, kde sa dá ešte zjednodušiť cesta od prvého záujmu k priamemu dopytu.","Na krátkom hovore sa oplatí overiť, ktoré typy dopytu dnes dominujú a kde vzniká najväčšie váhanie pred kontaktom alebo rezerváciou.",zaujímavý prospect,opening_hours_clarity,low_friction_permission,A1,Sydney 100,,79.57,Medium-High,geo_mismatch,B,geo_mismatch,strong_icp_fit | independent_signal | preferred_hotel_type | out_of_profile_geography,manual_review,yes,out_of_profile_geography,slovakia_independent_3_4_star,Sydney 100.csv,82.57,Medium-High,B,manual_review,yes,low_factual_completeness
acc_5970be661818,Jonah’s Restaurant & Boutique Hotel,Palm Beach,Jonah’s Restaurant & Boutique Hotel: krátky postreh k prevádzkovým info,Vzhľadom na nejasné prevádzkové hodiny a kapacitu izieb by sme mohli pomôcť optimalizovať plánovanie a využitie kapacít.,Vzhľadom na nejasné prevádzkové hodiny a kapacitu izieb by sme mohli pomôcť optimalizovať plánovanie a využitie kapacít.,Vzhľadom na nejasné prevádzkové hodiny a kapacitu izieb by sme mohli pomôcť optimalizovať plánovanie a využitie kapacít.,Neistota ohľadom prevádzkových hodín a kapacity izieb môže brzdiť efektívnu komunikáciu a ponuku služieb.,Pozeral som len verejne dostupný profil a základné kontaktné údaje.,"Ak chcete, pošlem 3 stručné postrehy v krátkej forme.","Dobrý deň,

Vzhľadom na nejasné prevádzkové hodiny a kapacitu izieb by sme mohli pomôcť optimalizovať plánovanie a využitie kapacít.
Vzhľadom na nejasné prevádzkové hodiny a kapacitu izieb by sme mohli pomôcť optimalizovať plánovanie a využitie kapacít.
Neistota ohľadom prevádzkových hodín a kapacity izieb môže brzdiť efektívnu komunikáciu a ponuku služieb.
Pozeral som len verejne dostupný profil a základné kontaktné údaje.

Ak chcete, pošlem 3 stručné postrehy v krátkej forme.

S pozdravom","Dobrý deň,

jemne sa pripomínam k predošlej správe pre Jonah’s Restaurant & Boutique Hotel.
Ak chcete, pošlem 3 stručné postrehy v krátkej forme.

S pozdravom",reply_with_permission,"Jonah’s Restaurant & Boutique Hotel je nezávislý prevádzkovateľ s reštauráciou a eventovými službami v Palm Beach, Austrália.",Neistota ohľadom prevádzkových hodín a kapacity izieb môže brzdiť efektívnu komunikáciu a ponuku služieb.,Vzhľadom na nejasné prevádzkové hodiny a kapacitu izieb by sme mohli pomôcť optimalizovať plánovanie a využitie kapacít.,"Overiť aktuálne prevádzkové hodiny, počet izieb a záujem o zlepšenie riadenia kapacít a marketingových aktivít.",zaujímavý prospect,opening_hours_clarity,low_friction_permission,A1,Sydney 100,,81.42,Medium-High,geo_mismatch,A,top_ranked,strong_icp_fit | independent_signal | preferred_hotel_type | out_of_profile_geography,manual_review,yes,out_of_profile_geography,slovakia_independent_3_4_star,Sydney 100.csv,82.32,Medium-High,B,manual_review,yes,low_factual_completeness | ambiguous_commercial_hook
acc_50ce289c9223,Spicers Sangoma Retreat,Bowen Mountain,Spicers Sangoma Retreat: krátky postreh k prevádzkovým info,Vzhľadom na vysoké hodnotenie a eventové služby by sme mohli pomôcť optimalizovať obsadenosť a zákaznícku skúsenosť v S…,Vzhľadom na vysoké hodnotenie a eventové služby by sme mohli pomôcť optimalizovať obsadenosť a zákaznícku skúsenosť v S…,Vzhľadom na vysoké hodnotenie a eventové služby by sme mohli pomôcť optimalizovať obsadenosť a zákaznícku skúsenosť v S…,Neistota ohľadom prevádzkových hodín a kapacity môže brzdiť rýchle rozhodnutie o spolupráci.,Pozeral som len verejne dostupný profil a základné kontaktné údaje.,"Ak chcete, pošlem 3 stručné postrehy v krátkej forme.","Dobrý deň,

Vzhľadom na vysoké hodnotenie a eventové služby by sme mohli pomôcť optimalizovať obsadenosť a zákaznícku skúsenosť v S…
Vzhľadom na vysoké hodnotenie a eventové služby by sme mohli pomôcť optimalizovať obsadenosť a zákaznícku skúsenosť v S…
Neistota ohľadom prevádzkových hodín a kapacity môže brzdiť rýchle rozhodnutie o spolupráci.
Pozeral som len verejne dostupný profil a základné kontaktné údaje.

Ak chcete, pošlem 3 stručné postrehy v krátkej forme.

S pozdravom","Dobrý deň,

jemne sa pripomínam k predošlej správe pre Spicers Sangoma Retreat.
Ak chcete, pošlem 3 stručné postrehy v krátkej forme.

S pozdravom",reply_with_permission,"Spicers Sangoma Retreat je nezávislý preferovaný hotel s vysokým hodnotením 4,8 v Bowen Mountain, Austrália.",Neistota ohľadom prevádzkových hodín a kapacity môže brzdiť rýchle rozhodnutie o spolupráci.,Vzhľadom na vysoké hodnotenie a eventové služby by sme mohli pomôcť optimalizovať obsadenosť a zákaznícku skúsenosť v S…,"Overiť aktuálne prevádzkové hodiny, kapacitu izieb a záujem o zlepšenie správy eventových a spa služieb.",zaujímavý prospect,opening_hours_clarity,low_friction_permission,A1,Sydney 100,,80.96,Medium-High,geo_mismatch,A,top_ranked,strong_icp_fit | independent_signal | preferred_hotel_type | out_of_profile_geography,manual_review,yes,out_of_profile_geography,slovakia_independent_3_4_star,Sydney 100.csv,81.86,Medium-High,B,manual_review,yes,low_factual_completeness | ambiguous_commercial_hook
acc_6bb4cbb1a3e4,Seranin | Gordon,Gordon,Seranin | Gordon: krátky postreh k praktickým info,"Krátky postreh k tomu, ktoré praktické informácie hosť nemusí nájsť hneď na prvý pohľad.","Krátky postreh k tomu, ktoré praktické informácie hosť nemusí nájsť hneď na prvý pohľad.","Krátky postreh k tomu, ktoré praktické informácie hosť nemusí nájsť hneď na prvý pohľad.","Praktické informácie nie sú všade rovnako jasné, čo môže brzdiť prvý kontakt alebo rozhodnutie.",Pozeral som len verejne dostupný profil a základné kontaktné údaje.,"Ak chcete, pošlem 3 stručné postrehy v krátkej forme.","Dobrý deň,

Krátky postreh k tomu, ktoré praktické informácie hosť nemusí nájsť hneď na prvý pohľad.
Krátky postreh k tomu, ktoré praktické informácie hosť nemusí nájsť hneď na prvý pohľad.
Praktické informácie nie sú všade rovnako jasné, čo môže brzdiť prvý kontakt alebo rozhodnutie.
Pozeral som len verejne dostupný profil a základné kontaktné údaje.

Ak chcete, pošlem 3 stručné postrehy v krátkej forme.

S pozdravom","Dobrý deň,

jemne sa pripomínam k predošlej správe pre Seranin | Gordon.
Ak chcete, pošlem 3 stručné postrehy v krátkej forme.

S pozdravom",reply_with_permission,Seranin | Gordon v Gordon je zaujímavý skôr cez praktickú informačnú vrstvu a jasnosť prvého kontaktu.,"Praktické informácie nie sú všade rovnako jasné, čo môže brzdiť prvý kontakt alebo rozhodnutie.","Krátky postreh k tomu, ktoré praktické informácie hosť nemusí nájsť hneď na prvý pohľad.","Na krátkom hovore sa oplatí overiť, ktoré typy dopytu dnes dominujú a kde vzniká najväčšie váhanie pred kontaktom alebo rezerváciou.",zaujímavý prospect,opening_hours_clarity,low_friction_permission,A1,Sydney 100,,80.33,Medium-High,geo_mismatch,A,top_ranked,strong_icp_fit | independent_signal | preferred_hotel_type | out_of_profile_geography,manual_review,yes,out_of_profile_geography,slovakia_independent_3_4_star,Sydney 100.csv,81.33,Medium-High,B,manual_review,yes,low_factual_completeness
acc_30048fcea764,Royal Hotel,Springwood,Royal Hotel: krátky postreh k praktickým info,"Krátky postreh k tomu, ktoré praktické informácie hosť nemusí nájsť hneď na prvý pohľad.","Krátky postreh k tomu, ktoré praktické informácie hosť nemusí nájsť hneď na prvý pohľad.","Krátky postreh k tomu, ktoré praktické informácie hosť nemusí nájsť hneď na prvý pohľad.","Praktické informácie nie sú všade rovnako jasné, čo môže brzdiť prvý kontakt alebo rozhodnutie.",Vychádzal som z verejne uvedených hodín: Opening hours: (subject to change) Mon - Wed 10:00 am - 11:00 pm Thursday 10:00 am - 1:00 am Fri - Sat 10:00 am - 1:30 am Sunday 10:00 am.,"Ak chcete, pošlem 3 stručné postrehy v krátkej forme.","Dobrý deň,

Krátky postreh k tomu, ktoré praktické informácie hosť nemusí nájsť hneď na prvý pohľad.
Krátky postreh k tomu, ktoré praktické informácie hosť nemusí nájsť hneď na prvý pohľad.
Praktické informácie nie sú všade rovnako jasné, čo môže brzdiť prvý kontakt alebo rozhodnutie.
Vychádzal som z verejne uvedených hodín: Opening hours: (subject to change) Mon - Wed 10:00 am - 11:00 pm Thursday 10:00 am - 1:00 am Fri - Sat 10:00 am - 1:30 am Sunday 10:00 am.

Ak chcete, pošlem 3 stručné postrehy v krátkej forme.

S pozdravom","Dobrý deň,

jemne sa pripomínam k predošlej správe pre Royal Hotel.
Ak chcete, pošlem 3 stručné postrehy v krátkej forme.

S pozdravom",reply_with_permission,Royal Hotel v Springwood je zaujímavý skôr cez praktickú informačnú vrstvu a jasnosť prvého kontaktu.,"Praktické informácie nie sú všade rovnako jasné, čo môže brzdiť prvý kontakt alebo rozhodnutie.","Krátky postreh k tomu, ktoré praktické informácie hosť nemusí nájsť hneď na prvý pohľad.","Na krátkom hovore sa oplatí overiť, ktoré typy dopytu dnes dominujú a kde vzniká najväčšie váhanie pred kontaktom alebo rezerváciou.",opatrný prospect,checkin_checkout_clarity,low_friction_permission,A2,Sydney 100,,79.72,Medium-High,geo_mismatch,B,geo_mismatch,strong_icp_fit | independent_signal | preferred_hotel_type | out_of_profile_geography,manual_review,yes,out_of_profile_geography,slovakia_independent_3_4_star,Sydney 100.csv,77.72,Medium-High,B,manual_review,yes,cautious_verdict
acc_40da1daa32cc,Doonside Hotel,Doonside,Doonside Hotel: krátky postreh k praktickým info,"Krátky postreh k tomu, ktoré praktické informácie hosť nemusí nájsť hneď na prvý pohľad.","Krátky postreh k tomu, ktoré praktické informácie hosť nemusí nájsť hneď na prvý pohľad.","Krátky postreh k tomu, ktoré praktické informácie hosť nemusí nájsť hneď na prvý pohľad.","Praktické informácie nie sú všade rovnako jasné, čo môže brzdiť prvý kontakt alebo rozhodnutie.",Pozeral som len verejne dostupný profil a základné kontaktné údaje.,"Ak chcete, pošlem 3 stručné postrehy v krátkej forme.","Dobrý deň,

Krátky postreh k tomu, ktoré praktické informácie hosť nemusí nájsť hneď na prvý pohľad.
Krátky postreh k tomu, ktoré praktické informácie hosť nemusí nájsť hneď na prvý pohľad.
Praktické informácie nie sú všade rovnako jasné, čo môže brzdiť prvý kontakt alebo rozhodnutie.
Pozeral som len verejne dostupný profil a základné kontaktné údaje.

Ak chcete, pošlem 3 stručné postrehy v krátkej forme.

S pozdravom","Dobrý deň,

jemne sa pripomínam k predošlej správe pre Doonside Hotel.
Ak chcete, pošlem 3 stručné postrehy v krátkej forme.

S pozdravom",reply_with_permission,Doonside Hotel v Doonside je zaujímavý skôr cez praktickú informačnú vrstvu a jasnosť prvého kontaktu.,"Praktické informácie nie sú všade rovnako jasné, čo môže brzdiť prvý kontakt alebo rozhodnutie.","Krátky postreh k tomu, ktoré praktické informácie hosť nemusí nájsť hneď na prvý pohľad.","Na krátkom hovore sa oplatí overiť, ktoré typy dopytu dnes dominujú a kde vzniká najväčšie váhanie pred kontaktom alebo rezerváciou.",opatrný prospect,opening_hours_clarity,low_friction_permission,A1,Sydney 100,,79.39,Medium-High,geo_mismatch,B,geo_mismatch,strong_icp_fit | independent_signal | preferred_hotel_type | out_of_profile_geography,manual_review,yes,out_of_profile_geography,slovakia_independent_3_4_star,Sydney 100.csv,74.39,Medium,C,manual_review,yes,low_factual_completeness | cautious_verdict
