account_id,hotel_name,city,subject_line,hook,personalization_line,give_first_line,relevance_line,proof_line,low_friction_cta,cold_email,followup_email,primary_email_goal,business_interest_summary,why_commercially_interesting,main_bottleneck_hypothesis,best_entry_angle,recommended_hook,recommended_first_contact_route,call_hypothesis,commercial_verdict,email_angle,cta_type,variant_id,test_batch,reply_outcome,ranking_score,priority_band,why_not_top_tier,rank_bucket,rank_bucket_reason,ranking_reason,review_bucket,review_flag,review_reason,active_icp_profile,source_file,ranking_score_final,priority_level_final,rank_bucket_final,decision_status,manual_review_needed,review_queue_reason_codes,artifact_scope
acc_d7e3595aefb6,Billabong Retreat,Maraylya,Billabong Retreat: krátky postreh k prvému kontaktu,"Pri takomto type hotela býva dôležité preveriť, či možný bottleneck je nejasnosť v presnej veľkosti hotela a rozsahu služieb, čo môže komplikovať per…","Váš hotel Billabong Retreat má výborné hodnotenia a overený check-in čas, čo naznačuje kvalitnú prevádzku, rád by som sa dozvedel viac o vašej kapacite a službách spa. Pri takomto profile sa často mieša viac typov záujmu naraz. Pri takomto type hotela býva užitočné preveriť, či…","Všimli sme si, že pri nezávislých rezortoch ako Billabong Retreat často chýbajú detailné verejné informácie o kapacitách a službách, oplatí sa to preveriť.","Hotel má silnú zhodu a preferovaný typ hotela, no nachádza sa mimo bežného geografického profilu, čo môže ovplyvniť dopyt a komunikáciu. Overenie presného počtu izieb a rozsahu služieb by pomohlo lepšie zacieliť ponuku.",Vychádzal som z verejne uvedeného check-in/check-out: Check-in od 08:30.,"Ak chcete, pošlem 3 stručné postrehy v krátkej forme.","Dobrý deň,

Váš hotel Billabong Retreat má výborné hodnotenia a overený check-in čas, čo naznačuje kvalitnú prevádzku, rád by som sa dozvedel viac o vašej kapacite a službách spa. Pri takomto profile sa často mieša viac typov záujmu naraz. Pri takomto type hotela býva užitočné preveriť, či…
Všimli sme si, že pri nezávislých rezortoch ako Billabong Retreat často chýbajú detailné verejné informácie o kapacitách a službách, oplatí sa to preveriť.
Hotel má silnú zhodu a preferovaný typ hotela, no nachádza sa mimo bežného geografického profilu, čo môže ovplyvniť dopyt a komunikáciu. Overenie presného počtu izieb a rozsahu služieb by pomohlo lepšie zacieliť ponuku.
Vychádzal som z verejne uvedeného check-in/check-out: Check-in od 08:30.

Ak chcete, pošlem 3 stručné postrehy v krátkej forme.

S pozdravom","Dobrý deň,

jemne sa pripomínam k predošlej správe pre Billabong Retreat.
Ak chcete, pošlem 3 stručné postrehy v krátkej forme.

S pozdravom",reply_with_permission,Billabong Retreat je nezávislý rezortný hotel v Maraylya s vysokým hodnotením a overeným check-in časom od 08:30.,"Hotel má silnú ICP zhodu a preferovaný typ hotela, no nachádza sa mimo bežného geografického profilu, čo môže ovplyvniť dopyt a komunikáciu. Overenie presného počtu izieb a rozsahu služieb by pomohlo lepšie zacieliť ponuku.","Možný bottleneck je nejasnosť v presnej veľkosti hotela a rozsahu služieb, čo môže komplikovať personalizáciu ponuky.","Všimli sme si, že pri nezávislých rezortoch ako Billabong Retreat často chýbajú detailné verejné informácie o kapacitách a službách, oplatí sa to preveriť.","Pri takomto type hotela býva dôležité preveriť, či možný bottleneck je nejasnosť v presnej veľkosti hotela a rozsahu služieb, čo môže komplikovať per…",Kontaktujte recepciu alebo manažéra cez telefón +61 2 4573 6080 s otázkami o kapacitách a službách.,"Pri prvom hovore overíme presný počet izieb a dostupnosť služieb spa a wellness, zároveň zisťujeme, kto je rozhodujúci kontakt pre obchodné ponuky. Môže sa miešať dopyt na wellness a rekreačné pobyty, čo treba zohľadniť. Zároveň je potrebné zistiť, ako manažment rieši správu dopytov a či je manuálna záťaž na recepcii vysoká. Popri tom dáva zmysel zistiť, či to rieši skôr manaž…",zaujímavý prospect,opening_hours_clarity,low_friction_permission,A1,Sydney 100,,81.01,Medium-High,geo_mismatch,A,top_ranked,strong_icp_fit | independent_signal | preferred_hotel_type | out_of_profile_geography,manual_review,yes,out_of_profile_geography,slovakia_independent_3_4_star,Sydney 100.csv,85.41,High,A,outreach_now,no,,full_batch_canonical
acc_462634ba1b0d,The Hornsby Inn,Hornsby,The Hornsby Inn: krátky postreh k event dopytu,"Všimli sme si, že pri hoteloch s nočnými prevádzkami a eventmi často vznikajú príležitosti na zefektívnenie riadenia re….","The Hornsby Inn má unikátnu kombináciu pubu a ubytovania, čo môže prinášať špecifické výzvy v manažmente nočných hodín a eventov. Pri takomto profile sa často mieša viac typov záujmu naraz.","Všimli sme si, že pri hoteloch s kombináciou pubu, reštaurácie a eventov často vznikajú miesta, kde sa môže strácať časť záujmu pred dopytom riadenia rezervácií a komunikácie so z…",Možná zložitosť v koordinácii a správe nočných prevádzkových hodín môže spôsobiť oneskorenia v reakcii na dopyty alebo rezervácie. Recepcia alebo manažment môže byť manuálne zaťažený riešením rôznorodých požiadaviek spo…,"Vychádzal som z verejne uvedených hodín: Monday, Tuesday, Wednesday, Thursday, Friday, Saturday: 10:00-03:00; Sunday: 10:00-22:00.","Ak chcete, pošlem 3 stručné postrehy v krátkej forme.","Dobrý deň,

The Hornsby Inn má unikátnu kombináciu pubu a ubytovania, čo môže prinášať špecifické výzvy v manažmente nočných hodín a eventov. Pri takomto profile sa často mieša viac typov záujmu naraz.
Všimli sme si, že pri hoteloch s kombináciou pubu, reštaurácie a eventov často vznikajú miesta, kde sa môže strácať časť záujmu pred dopytom riadenia rezervácií a komunikácie so z…
Možná zložitosť v koordinácii a správe nočných prevádzkových hodín môže spôsobiť oneskorenia v reakcii na dopyty alebo rezervácie. Recepcia alebo manažment môže byť manuálne zaťažený riešením rôznorodých požiadaviek spo…
Vychádzal som z verejne uvedených hodín: Monday, Tuesday, Wednesday, Thursday, Friday, Saturday: 10:00-03:00; Sunday: 10:00-22:00.

Ak chcete, pošlem 3 stručné postrehy v krátkej forme.

S pozdravom","Dobrý deň,

jemne sa pripomínam k predošlej správe pre The Hornsby Inn.
Ak chcete, pošlem 3 stručné postrehy v krátkej forme.

S pozdravom",reply_with_permission,"The Hornsby Inn je nezávislý pub s 10 izbami a reštauráciou v meste Hornsby, Austrália.","Možná zložitosť v koordinácii a správe nočných prevádzkových hodín môže spôsobiť oneskorenia v reakcii na dopyty alebo rezervácie. Recepcia alebo manažment môže byť manuálne zaťažený riešením rôznorodých požiadaviek spojených s gastro, eventmi a ubytovaním.",Možná zložitosť v koordinácii a správe nočných prevádzkových hodín môže spôsobiť oneskorenia v reakcii na dopyty alebo rezervácie.,"Všimli sme si, že pri hoteloch s kombináciou pubu, reštaurácie a eventov často vznikajú miesta, kde sa môže strácať časť záujmu pred dopytom riadenia rezervácií a komunikácie so zákazníkmi.","Všimli sme si, že pri hoteloch s nočnými prevádzkami a eventmi často vznikajú príležitosti na zefektívnenie riadenia re….",Kontaktujte recepciu alebo manažéra prevádzky cez telefón uvedený na webstránke.,"Pri prvom hovore je vhodné overiť, ako riešia koordináciu rezervácií medzi pubom, reštauráciou a ubytovaním, a či existujú manuálne procesy, ktoré by mohli byť zjednodušené. Zároveň je dôležité pochopiť, kto rozhoduje o zmenách v procese alebo komunikácii, pravdepodobne manažér prevádzky alebo vlastník. Popri tom dáva zmysel zistiť, či to rieši skôr manažér prevádzky alebo vla…",zaujímavý prospect,checkin_checkout_clarity,low_friction_permission,A2,Sydney 100,,81.3,Medium-High,geo_mismatch,A,top_ranked,strong_icp_fit | independent_signal | preferred_hotel_type | out_of_profile_geography,manual_review,yes,out_of_profile_geography,slovakia_independent_3_4_star,Sydney 100.csv,85.2,High,A,outreach_now,no,,full_batch_canonical
acc_9f2cb7250cf5,Miramare Gardens,Terrey Hills,Miramare Gardens: krátky postreh k event dopytu,"Všimli sme si, že pri hoteloch s eventovými priestormi často vznikajú miesta, kde sa môže strácať časť záujmu pred dopytom správy rezervácií.","Všimli sme si, že Miramare Gardens má silné hodnotenia a ponúka eventové priestory, čo často znamená záujem o optimalizáciu rezervácií a služieb pre firemných klientov. Pri takomto profile sa často mieša viac typov záujmu naraz. Pri takomto type hotela býva užitočné preveriť, či…",Oplatí sa preveriť možnosti eventových priestorov a flexibilitu nezávislého prevádzkovateľa pri spolupráci.,"Hotel má silnú recenziu 4,4 z 790 hodnotení a ponúka priestory pre eventy, čo môže prilákať firemných klientov. Neexistujú verejné informácie o počte izieb ani o ďalších službách, čo môže ovplyvniť presnú segmentáciu do…","Vychádzal som z verejne uvedených hodín: Monday,Tuesday,Wednesday,Thursday,Friday,Saturday,Sunday 09:00-17:00.","Ak chcete, pošlem 3 stručné postrehy v krátkej forme.","Dobrý deň,

Všimli sme si, že Miramare Gardens má silné hodnotenia a ponúka eventové priestory, čo často znamená záujem o optimalizáciu rezervácií a služieb pre firemných klientov. Pri takomto profile sa často mieša viac typov záujmu naraz. Pri takomto type hotela býva užitočné preveriť, či…
Oplatí sa preveriť možnosti eventových priestorov a flexibilitu nezávislého prevádzkovateľa pri spolupráci.
Hotel má silnú recenziu 4,4 z 790 hodnotení a ponúka priestory pre eventy, čo môže prilákať firemných klientov. Neexistujú verejné informácie o počte izieb ani o ďalších službách, čo môže ovplyvniť presnú segmentáciu do…
Vychádzal som z verejne uvedených hodín: Monday,Tuesday,Wednesday,Thursday,Friday,Saturday,Sunday 09:00-17:00.

Ak chcete, pošlem 3 stručné postrehy v krátkej forme.

S pozdravom","Dobrý deň,

jemne sa pripomínam k predošlej správe pre Miramare Gardens.
Ak chcete, pošlem 3 stručné postrehy v krátkej forme.

S pozdravom",reply_with_permission,Miramare Gardens je nezávislý hotel v Terrey Hills s dobrou reputáciou a ponukou kongresových služieb.,"Hotel má silnú recenziu 4,4 z 790 hodnotení a ponúka priestory pre eventy, čo môže prilákať firemných klientov. Neexistujú verejné informácie o počte izieb ani o ďalších službách, čo môže ovplyvniť presnú segmentáciu dopytu.","Možný bottleneck je nejasnosť ohľadom kapacity a služieb, čo môže komplikovať presné zacielenie ponúk.",Oplatí sa preveriť možnosti eventových priestorov a flexibilitu nezávislého prevádzkovateľa pri spolupráci.,"Všimli sme si, že pri hoteloch s eventovými priestormi často vznikajú miesta, kde sa môže strácať časť záujmu pred dopytom správy rezervácií.",Kontaktujte recepciu na +61 2 9450 2000 a opýtajte sa na možnosti spolupráce v oblasti eventových služieb.,"Pri prvom hovore by bolo vhodné overiť presný počet izieb a dostupnosť služieb ako wellness alebo reštaurácia, ktoré nie sú verejne potvrdené. Zároveň sa oplatí zistiť, ako manažujú eventové rezervácie a či majú záujem o optimalizáciu tohto segmentu. Pravdepodobne rozhoduje manažér hotela, ktorý môže poskytnúť detailnejšie informácie o prevádzke. Popri tom dáva zmysel zistiť…",zaujímavý prospect,checkin_checkout_clarity,low_friction_permission,A2,Sydney 100,,81.38,Medium-High,geo_mismatch,A,top_ranked,strong_icp_fit | independent_signal | preferred_hotel_type | out_of_profile_geography,manual_review,yes,out_of_profile_geography,slovakia_independent_3_4_star,Sydney 100.csv,84.78,Medium-High,B,outreach_now,no,,full_batch_canonical
acc_5970be661818,Jonah’s Restaurant & Boutique Hotel,Palm Beach,Jonah’s Restaurant & Boutique Hotel: krátky postreh k event dopytu,"Všimli sme si, že pri hoteloch s podobným profilom často vznikajú miesta, kde sa môže strácať časť záujmu pred dopytom priamej rezervácie a komuni….","Jonah’s Boutique Hotel v Palm Beach má vynikajúce recenzie a ponúka reštauráciu aj eventové priestory, čo je skvelá kombinácia pre rozšírenie priameho predaja. Pri takomto profile sa často mieša viac typov záujmu naraz.","Všimli sme si, že pri hoteloch s kombináciou reštaurácie a eventových služieb často vznikajú miesta, kde sa môže strácať časť záujmu pred dopytom priamej rezervácie a efektivity k…","Možný bottleneck je nejasnosť v prevádzkových hodinách a dostupnosti služieb, čo môže sťažovať efektívnu komunikáciu s potenciálnymi zákazníkmi. Prevádzka nezávislého hotela s rôznorodými službami môže viesť k manuálnej…",Pozeral som len verejne dostupný profil a základné kontaktné údaje.,"Ak chcete, pošlem 3 stručné postrehy v krátkej forme.","Dobrý deň,

Jonah’s Boutique Hotel v Palm Beach má vynikajúce recenzie a ponúka reštauráciu aj eventové priestory, čo je skvelá kombinácia pre rozšírenie priameho predaja. Pri takomto profile sa často mieša viac typov záujmu naraz.
Všimli sme si, že pri hoteloch s kombináciou reštaurácie a eventových služieb často vznikajú miesta, kde sa môže strácať časť záujmu pred dopytom priamej rezervácie a efektivity k…
Možný bottleneck je nejasnosť v prevádzkových hodinách a dostupnosti služieb, čo môže sťažovať efektívnu komunikáciu s potenciálnymi zákazníkmi. Prevádzka nezávislého hotela s rôznorodými službami môže viesť k manuálnej…
Pozeral som len verejne dostupný profil a základné kontaktné údaje.

Ak chcete, pošlem 3 stručné postrehy v krátkej forme.

S pozdravom","Dobrý deň,

jemne sa pripomínam k predošlej správe pre Jonah’s Restaurant & Boutique Hotel.
Ak chcete, pošlem 3 stručné postrehy v krátkej forme.

S pozdravom",reply_with_permission,"Jonah’s Restaurant & Boutique Hotel je nezávislý hotel s reštauráciou a eventovými službami v Palm Beach, Austrália, s vysokým hodnotením 4,6 z 946 recenzií.","Možný bottleneck je nejasnosť v prevádzkových hodinách a dostupnosti služieb, čo môže sťažovať efektívnu komunikáciu s potenciálnymi zákazníkmi. Prevádzka nezávislého hotela s rôznorodými službami môže viesť k manuálnej záťaži pri správe rezervácií a eventov.","Možný bottleneck je nejasnosť v prevádzkových hodinách a dostupnosti služieb, čo môže sťažovať efektívnu komunikáciu s potenciálnymi zákazníkmi.","Všimli sme si, že pri hoteloch s kombináciou reštaurácie a eventových služieb často vznikajú miesta, kde sa môže strácať časť záujmu pred dopytom priamej rezervácie a efektivity komunikácie.","Všimli sme si, že pri hoteloch s podobným profilom často vznikajú miesta, kde sa môže strácať časť záujmu pred dopytom priamej rezervácie a komuni….",Kontaktujte recepciu alebo manažéra hotela cez telefón +61 2 9974 5599 pre overenie prevádzkových hodín a záujmu o optimalizáciu služieb.,"Pri prvom hovore by bolo vhodné overiť aktuálne prevádzkové hodiny a proces rezervácie, zistiť, ako sa manažuje dopyt z reštaurácie a eventov, a identifikovať, či manažér alebo vlastník prijíma rozhodnutia o marketingu a predaji. Popri tom dáva zmysel zistiť, či to rieši skôr Pravdepodobným rozhodovacím kontaktom je manažér alebo vlastník nezávislého hotela, ktorý má na staros…",zaujímavý prospect,opening_hours_clarity,low_friction_permission,A1,Sydney 100,,81.42,Medium-High,geo_mismatch,A,top_ranked,strong_icp_fit | independent_signal | preferred_hotel_type | out_of_profile_geography,manual_review,yes,out_of_profile_geography,slovakia_independent_3_4_star,Sydney 100.csv,82.82,Medium-High,B,manual_review,yes,low_factual_completeness,full_batch_canonical
acc_85a1025fc0d6,Quest Bella Vista,Bella Vista,Quest Bella Vista: krátky nápad,"Krátky pohľad na to, kde sa dá ešte zjednodušiť cesta od prvého záujmu k priamemu dopytu.",Silný reputačný základ (4.5/5) dáva priestor riešiť skôr konverznú jasnosť než reputačný problém.,"Všimli sme si, že krátky pohľad na to, kde sa dá ešte zjednodušiť cesta od prvého záujmu k priamemu dopytu.","Praktické informácie nie sú všade rovnako jasné, čo môže brzdiť prvý kontakt alebo rozhodnutie.",Pozeral som len verejne dostupný profil a základné kontaktné údaje.,"Ak chcete, pošlem 3 stručné postrehy v krátkej forme.","Dobrý deň,

Silný reputačný základ (4.5/5) dáva priestor riešiť skôr konverznú jasnosť než reputačný problém.
Všimli sme si, že krátky pohľad na to, kde sa dá ešte zjednodušiť cesta od prvého záujmu k priamemu dopytu.
Praktické informácie nie sú všade rovnako jasné, čo môže brzdiť prvý kontakt alebo rozhodnutie.
Pozeral som len verejne dostupný profil a základné kontaktné údaje.

Ak chcete, pošlem 3 stručné postrehy v krátkej forme.

S pozdravom","Dobrý deň,

jemne sa pripomínam k predošlej správe pre Quest Bella Vista.
Ak chcete, pošlem 3 stručné postrehy v krátkej forme.

S pozdravom",reply_with_permission,Quest Bella Vista v Bella Vista pôsobí ako stabilný account s verejne čitateľným profilom a slušným review základom.,,"Praktické informácie nie sú všade rovnako jasné, čo môže brzdiť prvý kontakt alebo rozhodnutie.",,"Krátky pohľad na to, kde sa dá ešte zjednodušiť cesta od prvého záujmu k priamemu dopytu.",,"Na krátkom hovore sa oplatí overiť, ktoré typy dopytu dnes dominujú a kde vzniká najväčšie váhanie pred kontaktom alebo rezerváciou.",zaujímavý prospect,opening_hours_clarity,low_friction_permission,A1,Sydney 100,,79.8,Medium-High,geo_mismatch,B,geo_mismatch,strong_icp_fit | independent_signal | preferred_hotel_type | out_of_profile_geography,manual_review,yes,out_of_profile_geography,slovakia_independent_3_4_star,Sydney 100.csv,82.8,Medium-High,B,outreach_now,yes,low_factual_completeness,full_batch_canonical
acc_401880adbecd,Quest Penrith,Penrith,Quest Penrith: krátky nápad,"Krátky pohľad na to, kde sa dá ešte zjednodušiť cesta od prvého záujmu k priamemu dopytu.",Silný reputačný základ (4.6/5) dáva priestor riešiť skôr konverznú jasnosť než reputačný problém.,"Všimli sme si, že krátky pohľad na to, kde sa dá ešte zjednodušiť cesta od prvého záujmu k priamemu dopytu.","Praktické informácie nie sú všade rovnako jasné, čo môže brzdiť prvý kontakt alebo rozhodnutie.",Pozeral som len verejne dostupný profil a základné kontaktné údaje.,"Ak chcete, pošlem 3 stručné postrehy v krátkej forme.","Dobrý deň,

Silný reputačný základ (4.6/5) dáva priestor riešiť skôr konverznú jasnosť než reputačný problém.
Všimli sme si, že krátky pohľad na to, kde sa dá ešte zjednodušiť cesta od prvého záujmu k priamemu dopytu.
Praktické informácie nie sú všade rovnako jasné, čo môže brzdiť prvý kontakt alebo rozhodnutie.
Pozeral som len verejne dostupný profil a základné kontaktné údaje.

Ak chcete, pošlem 3 stručné postrehy v krátkej forme.

S pozdravom","Dobrý deň,

jemne sa pripomínam k predošlej správe pre Quest Penrith.
Ak chcete, pošlem 3 stručné postrehy v krátkej forme.

S pozdravom",reply_with_permission,Quest Penrith v Penrith pôsobí ako stabilný account s verejne čitateľným profilom a slušným review základom.,,"Praktické informácie nie sú všade rovnako jasné, čo môže brzdiť prvý kontakt alebo rozhodnutie.",,"Krátky pohľad na to, kde sa dá ešte zjednodušiť cesta od prvého záujmu k priamemu dopytu.",,"Na krátkom hovore sa oplatí overiť, ktoré typy dopytu dnes dominujú a kde vzniká najväčšie váhanie pred kontaktom alebo rezerváciou.",zaujímavý prospect,opening_hours_clarity,low_friction_permission,A1,Sydney 100,,79.57,Medium-High,geo_mismatch,B,geo_mismatch,strong_icp_fit | independent_signal | preferred_hotel_type | out_of_profile_geography,manual_review,yes,out_of_profile_geography,slovakia_independent_3_4_star,Sydney 100.csv,82.57,Medium-High,B,outreach_now,yes,low_factual_completeness,full_batch_canonical
acc_50ce289c9223,Spicers Sangoma Retreat,Bowen Mountain,Spicers Sangoma Retreat: krátky postreh k event dopytu,"Všimli sme si, že pri hoteloch s podobnou ponukou často pomáha detailný audit prevádzkových procesov.","Váš hotel s vysokým hodnotením a širokou ponukou služieb je skvelým miestom pre rôzne typy klientov, zaujímalo by nás, ako riešite plánovanie kapacít a rezervácií v praxi. Pri takomto profile sa často mieša viac typov záujmu naraz. Pri takomto type hotela býva užitočné preveriť…","Všimli sme si, že pri hoteloch s komplexnou ponukou služieb často pomáha audit prevádzkových procesov a kapacitného manažmentu.","Hotel má veľmi dobré recenzie (4,8 z 5) a ponúka komplexné služby vrátane spa a eventových priestorov, čo môže prilákať rôzne segmenty klientely. Je však potrebné preveriť dostupnosť a kapacity, keďže počet izieb a otvá…",Pozeral som len verejne dostupný profil a základné kontaktné údaje.,"Ak chcete, pošlem 3 stručné postrehy v krátkej forme.","Dobrý deň,

Váš hotel s vysokým hodnotením a širokou ponukou služieb je skvelým miestom pre rôzne typy klientov, zaujímalo by nás, ako riešite plánovanie kapacít a rezervácií v praxi. Pri takomto profile sa často mieša viac typov záujmu naraz. Pri takomto type hotela býva užitočné preveriť…
Všimli sme si, že pri hoteloch s komplexnou ponukou služieb často pomáha audit prevádzkových procesov a kapacitného manažmentu.
Hotel má veľmi dobré recenzie (4,8 z 5) a ponúka komplexné služby vrátane spa a eventových priestorov, čo môže prilákať rôzne segmenty klientely. Je však potrebné preveriť dostupnosť a kapacity, keďže počet izieb a otvá…
Pozeral som len verejne dostupný profil a základné kontaktné údaje.

Ak chcete, pošlem 3 stručné postrehy v krátkej forme.

S pozdravom","Dobrý deň,

jemne sa pripomínam k predošlej správe pre Spicers Sangoma Retreat.
Ak chcete, pošlem 3 stručné postrehy v krátkej forme.

S pozdravom",reply_with_permission,"Spicers Sangoma Retreat je nezávislý hotel s vysokým hodnotením a ponukou reštaurácie, spa a kongresových služieb v Bowen Mountain.","Hotel má veľmi dobré recenzie (4,8 z 5) a ponúka komplexné služby vrátane spa a eventových priestorov, čo môže prilákať rôzne segmenty klientely. Je však potrebné preveriť dostupnosť a kapacity, keďže počet izieb a otváracie hodiny nie sú verejne potvrdené.","Možný bottleneck môže byť v nejasnostiach ohľadom kapacity a prevádzkových hodín, čo komplikuje plánovanie a predaj.","Všimli sme si, že pri hoteloch s komplexnou ponukou služieb často pomáha audit prevádzkových procesov a kapacitného manažmentu.","Všimli sme si, že pri hoteloch s podobnou ponukou často pomáha detailný audit prevádzkových procesov.",Kontaktujte recepciu alebo manažéra prevádzky cez telefón +61 1300 352 190.,"Pri prvom hovore by bolo vhodné overiť, ako riešia plánovanie kapacít a rezervácií, či majú jasne definované otváracie hodiny a počet izieb. Zároveň je dôležité pochopiť, kto rozhoduje o prípadnej spolupráci a aké sú ich priority v oblasti služieb a zákazníckej skúsenosti. Popri tom dáva zmysel zistiť, či to rieši skôr manažér prevádzky alebo generálny manažér hotela alebo iný…",zaujímavý prospect,opening_hours_clarity,low_friction_permission,A1,Sydney 100,,80.96,Medium-High,geo_mismatch,A,top_ranked,strong_icp_fit | independent_signal | preferred_hotel_type | out_of_profile_geography,manual_review,yes,out_of_profile_geography,slovakia_independent_3_4_star,Sydney 100.csv,82.16,Medium-High,B,manual_review,yes,low_factual_completeness | high_uncertainty,full_batch_canonical
acc_6bb4cbb1a3e4,Seranin | Gordon,Gordon,Seranin | Gordon: krátky postreh k praktickým info,"Krátky postreh k tomu, ktoré praktické informácie hosť nemusí nájsť hneď na prvý pohľad.","Vo verejných zdrojoch chýbajú niektoré praktické pobytové informácie, čo vie byť prirodzený vstup do konverzácie.","Všimli sme si, že krátky postreh k tomu, ktoré praktické informácie hosť nemusí nájsť hneď na prvý pohľad.","Praktické informácie nie sú všade rovnako jasné, čo môže brzdiť prvý kontakt alebo rozhodnutie.",Pozeral som len verejne dostupný profil a základné kontaktné údaje.,"Ak chcete, pošlem 3 stručné postrehy v krátkej forme.","Dobrý deň,

Vo verejných zdrojoch chýbajú niektoré praktické pobytové informácie, čo vie byť prirodzený vstup do konverzácie.
Všimli sme si, že krátky postreh k tomu, ktoré praktické informácie hosť nemusí nájsť hneď na prvý pohľad.
Praktické informácie nie sú všade rovnako jasné, čo môže brzdiť prvý kontakt alebo rozhodnutie.
Pozeral som len verejne dostupný profil a základné kontaktné údaje.

Ak chcete, pošlem 3 stručné postrehy v krátkej forme.

S pozdravom","Dobrý deň,

jemne sa pripomínam k predošlej správe pre Seranin | Gordon.
Ak chcete, pošlem 3 stručné postrehy v krátkej forme.

S pozdravom",reply_with_permission,Seranin | Gordon v Gordon je zaujímavý skôr cez praktickú informačnú vrstvu a jasnosť prvého kontaktu.,,"Praktické informácie nie sú všade rovnako jasné, čo môže brzdiť prvý kontakt alebo rozhodnutie.",,"Krátky postreh k tomu, ktoré praktické informácie hosť nemusí nájsť hneď na prvý pohľad.",,"Na krátkom hovore sa oplatí overiť, ktoré typy dopytu dnes dominujú a kde vzniká najväčšie váhanie pred kontaktom alebo rezerváciou.",zaujímavý prospect,opening_hours_clarity,low_friction_permission,A1,Sydney 100,,80.33,Medium-High,geo_mismatch,A,top_ranked,strong_icp_fit | independent_signal | preferred_hotel_type | out_of_profile_geography,manual_review,yes,out_of_profile_geography,slovakia_independent_3_4_star,Sydney 100.csv,81.33,Medium-High,B,outreach_now,yes,low_factual_completeness,full_batch_canonical
acc_30048fcea764,Royal Hotel,Springwood,Royal Hotel: krátky postreh k praktickým info,"Krátky postreh k tomu, ktoré praktické informácie hosť nemusí nájsť hneď na prvý pohľad.","Vo verejných zdrojoch chýbajú niektoré praktické pobytové informácie, čo vie byť prirodzený vstup do konverzácie.","Všimli sme si, že krátky postreh k tomu, ktoré praktické informácie hosť nemusí nájsť hneď na prvý pohľad.","Praktické informácie nie sú všade rovnako jasné, čo môže brzdiť prvý kontakt alebo rozhodnutie.",Vychádzal som z verejne uvedených hodín: Opening hours: (subject to change) Mon - Wed 10:00 am - 11:00 pm Thursday 10:00 am - 1:00 am Fri - Sat 10:00 am - 1:30 am Sunday 10:00 am.,"Ak chcete, pošlem 3 stručné postrehy v krátkej forme.","Dobrý deň,

Vo verejných zdrojoch chýbajú niektoré praktické pobytové informácie, čo vie byť prirodzený vstup do konverzácie.
Všimli sme si, že krátky postreh k tomu, ktoré praktické informácie hosť nemusí nájsť hneď na prvý pohľad.
Praktické informácie nie sú všade rovnako jasné, čo môže brzdiť prvý kontakt alebo rozhodnutie.
Vychádzal som z verejne uvedených hodín: Opening hours: (subject to change) Mon - Wed 10:00 am - 11:00 pm Thursday 10:00 am - 1:00 am Fri - Sat 10:00 am - 1:30 am Sunday 10:00 am.

Ak chcete, pošlem 3 stručné postrehy v krátkej forme.

S pozdravom","Dobrý deň,

jemne sa pripomínam k predošlej správe pre Royal Hotel.
Ak chcete, pošlem 3 stručné postrehy v krátkej forme.

S pozdravom",reply_with_permission,Royal Hotel v Springwood je zaujímavý skôr cez praktickú informačnú vrstvu a jasnosť prvého kontaktu.,,"Praktické informácie nie sú všade rovnako jasné, čo môže brzdiť prvý kontakt alebo rozhodnutie.",,"Krátky postreh k tomu, ktoré praktické informácie hosť nemusí nájsť hneď na prvý pohľad.",,"Na krátkom hovore sa oplatí overiť, ktoré typy dopytu dnes dominujú a kde vzniká najväčšie váhanie pred kontaktom alebo rezerváciou.",opatrný prospect,checkin_checkout_clarity,low_friction_permission,A2,Sydney 100,,79.72,Medium-High,geo_mismatch,B,geo_mismatch,strong_icp_fit | independent_signal | preferred_hotel_type | out_of_profile_geography,manual_review,yes,out_of_profile_geography,slovakia_independent_3_4_star,Sydney 100.csv,77.72,Medium-High,B,manual_review,yes,cautious_verdict,full_batch_canonical
acc_40da1daa32cc,Doonside Hotel,Doonside,Doonside Hotel: krátky postreh k praktickým info,"Krátky postreh k tomu, ktoré praktické informácie hosť nemusí nájsť hneď na prvý pohľad.","Vo verejných zdrojoch chýbajú niektoré praktické pobytové informácie, čo vie byť prirodzený vstup do konverzácie.","Všimli sme si, že krátky postreh k tomu, ktoré praktické informácie hosť nemusí nájsť hneď na prvý pohľad.","Praktické informácie nie sú všade rovnako jasné, čo môže brzdiť prvý kontakt alebo rozhodnutie.",Pozeral som len verejne dostupný profil a základné kontaktné údaje.,"Ak chcete, pošlem 3 stručné postrehy v krátkej forme.","Dobrý deň,

Vo verejných zdrojoch chýbajú niektoré praktické pobytové informácie, čo vie byť prirodzený vstup do konverzácie.
Všimli sme si, že krátky postreh k tomu, ktoré praktické informácie hosť nemusí nájsť hneď na prvý pohľad.
Praktické informácie nie sú všade rovnako jasné, čo môže brzdiť prvý kontakt alebo rozhodnutie.
Pozeral som len verejne dostupný profil a základné kontaktné údaje.

Ak chcete, pošlem 3 stručné postrehy v krátkej forme.

S pozdravom","Dobrý deň,

jemne sa pripomínam k predošlej správe pre Doonside Hotel.
Ak chcete, pošlem 3 stručné postrehy v krátkej forme.

S pozdravom",reply_with_permission,Doonside Hotel v Doonside je zaujímavý skôr cez praktickú informačnú vrstvu a jasnosť prvého kontaktu.,,"Praktické informácie nie sú všade rovnako jasné, čo môže brzdiť prvý kontakt alebo rozhodnutie.",,"Krátky postreh k tomu, ktoré praktické informácie hosť nemusí nájsť hneď na prvý pohľad.",,"Na krátkom hovore sa oplatí overiť, ktoré typy dopytu dnes dominujú a kde vzniká najväčšie váhanie pred kontaktom alebo rezerváciou.",opatrný prospect,opening_hours_clarity,low_friction_permission,A1,Sydney 100,,79.39,Medium-High,geo_mismatch,B,geo_mismatch,strong_icp_fit | independent_signal | preferred_hotel_type | out_of_profile_geography,manual_review,yes,out_of_profile_geography,slovakia_independent_3_4_star,Sydney 100.csv,74.39,Medium,C,manual_review,yes,low_factual_completeness | cautious_verdict,full_batch_canonical
