hotel_name,city,priority_band,priority_score,review_bucket,operator_triage_priority,operator_triage_action,hotel_opening_hours_status,checkin_checkout_status,checkin_checkout_source_origin,checkin_checkout_completeness,public_source_reachable,public_source_fetch_status,manual_review_reason,source_file
Loft Hotel Bratislava,Bratislava,High,9.37,reachable_missing_checkin_checkout,P1,manual_review_before_clickup,Verejne nepotvrdené,Verejne nepotvrdené,,none,yes,dns_resolution_failed_fallback_previous,reachable_but_missing_opening_hours | reachable_but_missing_checkin_checkout,raw_bratislava region_2026-04-01_21-01-58-857.csv
Areál vodných športov Čunovo,Čunovo,High,9.35,reachable_missing_checkin_checkout,P1,manual_review_before_clickup,Verejne nepotvrdené,Verejne nepotvrdené,,none,yes,dns_resolution_failed_fallback_previous,reachable_but_missing_opening_hours | reachable_but_missing_checkin_checkout,raw_bratislava region_2026-04-01_21-01-58-857.csv
WX Hotel,Devínska Nová Ves,High,9.32,reachable_missing_checkin_checkout,P1,manual_review_before_clickup,Verejne nepotvrdené,Verejne nepotvrdené,,none,yes,dns_resolution_failed_fallback_previous,reachable_but_missing_opening_hours | reachable_but_missing_checkin_checkout,raw_bratislava region_2026-04-01_21-01-58-857.csv
HOTEL BRATISLAVA,Bratislava,High,9.31,reachable_missing_checkin_checkout,P1,manual_review_before_clickup,Verejne nepotvrdené,Verejne nepotvrdené,,none,yes,dns_resolution_failed_fallback_previous,reachable_but_missing_opening_hours | reachable_but_missing_checkin_checkout,raw_bratislava region_2026-04-01_21-01-58-857.csv
Hotel Gracia Bratislava,Bratislava,High,9.29,reachable_missing_checkin_checkout,P1,manual_review_before_clickup,Verejne nepotvrdené,Verejne nepotvrdené,,none,yes,dns_resolution_failed_fallback_previous,reachable_but_missing_opening_hours | reachable_but_missing_checkin_checkout,raw_bratislava region_2026-04-01_21-01-58-857.csv
BAROK Hotel a Apartmany,Bratislava-Petržalka,High,9.1,reachable_missing_checkin_checkout,P1,manual_review_before_clickup,Verejne nepotvrdené,Verejne nepotvrdené,,none,yes,dns_resolution_failed_fallback_previous,reachable_but_missing_opening_hours | reachable_but_missing_checkin_checkout,raw_bratislava region_2026-04-01_21-01-58-857.csv
SKARITZ Hotel & Residence,Bratislava,High,9.06,reachable_missing_checkin_checkout,P1,manual_review_before_clickup,Overené vo verejnom zdroji,Verejne nepotvrdené,,none,yes,dns_resolution_failed_fallback_previous,reachable_but_missing_checkin_checkout,raw_bratislava region_2026-04-01_21-01-58-857.csv
YACHTER CLUB Modrá Čajka,Čunovo,High,9.06,reachable_missing_checkin_checkout,P1,manual_review_before_clickup,Verejne nepotvrdené,Verejne nepotvrdené,,none,yes,dns_resolution_failed_fallback_previous,reachable_but_missing_opening_hours | reachable_but_missing_checkin_checkout,raw_bratislava region_2026-04-01_21-01-58-857.csv
LILAWADI - Wellness & Spa,Karlova Ves,High,9.04,reachable_missing_checkin_checkout,P1,manual_review_before_clickup,Verejne nepotvrdené,Verejne nepotvrdené,,none,yes,dns_resolution_failed_fallback_previous,reachable_but_missing_opening_hours | reachable_but_missing_checkin_checkout,raw_bratislava region_2026-04-01_21-01-58-857.csv
Apollo Hotel,Ružinov,High,9.04,reachable_missing_checkin_checkout,P1,manual_review_before_clickup,Verejne nepotvrdené,Verejne nepotvrdené,,none,yes,dns_resolution_failed_fallback_previous,reachable_but_missing_opening_hours | reachable_but_missing_checkin_checkout,raw_bratislava region_2026-04-01_21-01-58-857.csv
Dunajský Pivovar,Bratislava-Petržalka,High,8.98,reachable_missing_checkin_checkout,P1,manual_review_before_clickup,Verejne nepotvrdené,Verejne nepotvrdené,,none,yes,dns_resolution_failed_fallback_previous,reachable_but_missing_opening_hours | reachable_but_missing_checkin_checkout,raw_bratislava region_2026-04-01_21-01-58-857.csv
Penzion Zlatá Noha,Nové Mesto,High,8.97,reachable_missing_checkin_checkout,P1,manual_review_before_clickup,Verejne nepotvrdené,Verejne nepotvrdené,,none,yes,dns_resolution_failed_fallback_previous,reachable_but_missing_opening_hours | reachable_but_missing_checkin_checkout,raw_bratislava region_2026-04-01_21-01-58-857.csv
HOTEL DEVÍN,Bratislava,High,8.75,reachable_missing_checkin_checkout,P1,manual_review_before_clickup,Verejne nepotvrdené,Verejne nepotvrdené,,none,yes,dns_resolution_failed_fallback_previous,reachable_but_missing_opening_hours | reachable_but_missing_checkin_checkout,raw_bratislava region_2026-04-01_21-01-58-857.csv
FanatiX Squash & Fitness Center,Bratislava,High,8.73,reachable_missing_checkin_checkout,P1,manual_review_before_clickup,Verejne nepotvrdené,Verejne nepotvrdené,,none,yes,dns_resolution_failed_fallback_previous,reachable_but_missing_opening_hours | reachable_but_missing_checkin_checkout,raw_bratislava region_2026-04-01_21-01-58-857.csv
Hotel Color,Bratislava,High,8.73,reachable_missing_checkin_checkout,P1,manual_review_before_clickup,Verejne nepotvrdené,Verejne nepotvrdené,,none,yes,dns_resolution_failed_fallback_previous,reachable_but_missing_opening_hours | reachable_but_missing_checkin_checkout,raw_bratislava region_2026-04-01_21-01-58-857.csv
Hotel Divoká voda,Bratislava,High,8.71,reachable_missing_checkin_checkout,P1,manual_review_before_clickup,Verejne nepotvrdené,Verejne nepotvrdené,,none,yes,dns_resolution_failed_fallback_previous,reachable_but_missing_opening_hours | reachable_but_missing_checkin_checkout,raw_bratislava region_2026-04-01_21-01-58-857.csv
RAJ zdravia,Nové Mesto,High,8.68,reachable_missing_checkin_checkout,P1,manual_review_before_clickup,Overené vo verejnom zdroji,Verejne nepotvrdené,,none,yes,dns_resolution_failed_fallback_previous,reachable_but_missing_checkin_checkout,raw_bratislava region_2026-04-01_21-01-58-857.csv
Saunička,Bratislava,High,8.62,reachable_missing_checkin_checkout,P1,manual_review_before_clickup,Verejne nepotvrdené,Verejne nepotvrdené,,none,yes,dns_resolution_failed_fallback_previous,reachable_but_missing_opening_hours | reachable_but_missing_checkin_checkout,raw_bratislava region_2026-04-01_21-01-58-857.csv
Hotel Hradná brána,Devín,High,8.6,reachable_missing_checkin_checkout,P1,manual_review_before_clickup,Overené vo verejnom zdroji,Verejne nepotvrdené,,none,yes,dns_resolution_failed_fallback_previous,reachable_but_missing_checkin_checkout,raw_bratislava region_2026-04-01_21-01-58-857.csv
AUROOM - Spa Moments,Bratislava,High,8.6,reachable_missing_checkin_checkout,P1,manual_review_before_clickup,Verejne nepotvrdené,Verejne nepotvrdené,,none,yes,dns_resolution_failed_fallback_previous,reachable_but_missing_opening_hours | reachable_but_missing_checkin_checkout,raw_bratislava region_2026-04-01_21-01-58-857.csv
Penzión Carpatia,Záhorská Bystrica-Poľný mlyn,High,8.59,reachable_missing_checkin_checkout,P1,manual_review_before_clickup,Verejne nepotvrdené,Verejne nepotvrdené,,none,yes,dns_resolution_failed_fallback_previous,reachable_but_missing_opening_hours | reachable_but_missing_checkin_checkout,raw_bratislava region_2026-04-01_21-01-58-857.csv
CHORS like a hotel | Capsule & NFT Boutique Hostel Bratislava,Bratislava,High,9.34,single_side_verified_needs_review,P1,manual_spotcheck_then_clickup,Overené vo verejnom zdroji,Overené vo verejnom zdroji,text,single_side,yes,dns_resolution_failed_fallback_previous,single_side_verified_checkin_checkout,raw_bratislava region_2026-04-01_21-01-58-857.csv
Melrose Apartments,Petržalka,High,9.12,single_side_verified_needs_review,P1,manual_spotcheck_then_clickup,Verejne nepotvrdené,Overené vo verejnom zdroji,text,single_side,yes,dns_resolution_failed_fallback_previous,reachable_but_missing_opening_hours | single_side_verified_checkin_checkout,raw_bratislava region_2026-04-01_21-01-58-857.csv
Crowne Plaza Bratislava,Bratislava,High,8.75,reachable_missing_opening_hours,P1,manual_review_before_clickup,Verejne nepotvrdené,Overené vo verejnom zdroji,text,paired,yes,dns_resolution_failed_fallback_previous,reachable_but_missing_opening_hours,raw_bratislava region_2026-04-01_21-01-58-857.csv
Falkensteiner Hotel Bratislava,Bratislava,High,8.74,reachable_missing_opening_hours,P1,manual_review_before_clickup,Verejne nepotvrdené,Overené vo verejnom zdroji,text,paired,yes,dns_resolution_failed_fallback_previous,reachable_but_missing_opening_hours,raw_bratislava region_2026-04-01_21-01-58-857.csv
Penzión Raki & Wellness,Petržalka,Medium-High,8.49,reachable_missing_checkin_checkout,P2,manual_review_if_capacity,Verejne nepotvrdené,Verejne nepotvrdené,,none,yes,dns_resolution_failed_fallback_previous,reachable_but_missing_opening_hours | reachable_but_missing_checkin_checkout,raw_bratislava region_2026-04-01_21-01-58-857.csv
Roset Hotel & Residence,Bratislava,Medium-High,8.48,reachable_missing_checkin_checkout,P2,manual_review_if_capacity,Verejne nepotvrdené,Verejne nepotvrdené,,none,yes,dns_resolution_failed_fallback_previous,reachable_but_missing_opening_hours | reachable_but_missing_checkin_checkout,raw_bratislava region_2026-04-01_21-01-58-857.csv
Hotel Max Inn,Bratislava,Medium-High,8.45,reachable_missing_checkin_checkout,P2,manual_review_if_capacity,Verejne nepotvrdené,Verejne nepotvrdené,,none,yes,dns_resolution_failed_fallback_previous,reachable_but_missing_opening_hours | reachable_but_missing_checkin_checkout,raw_bratislava region_2026-04-01_21-01-58-857.csv
Hotel Danubia Gate,Bratislava,Medium-High,8.45,reachable_missing_checkin_checkout,P2,manual_review_if_capacity,Verejne nepotvrdené,Verejne nepotvrdené,,none,yes,dns_resolution_failed_fallback_previous,reachable_but_missing_opening_hours | reachable_but_missing_checkin_checkout,raw_bratislava region_2026-04-01_21-01-58-857.csv
Hotel Tatra,Staré Mesto,Medium-High,8.43,reachable_missing_checkin_checkout,P2,manual_review_if_capacity,Verejne nepotvrdené,Verejne nepotvrdené,,none,yes,dns_resolution_failed_fallback_previous,reachable_but_missing_opening_hours | reachable_but_missing_checkin_checkout,raw_bratislava region_2026-04-01_21-01-58-857.csv
Hotel SOREA REGIA Bratislava,Staré Mesto,Medium-High,8.4,reachable_missing_checkin_checkout,P2,manual_review_if_capacity,Verejne nepotvrdené,Verejne nepotvrdené,,none,yes,dns_resolution_failed_fallback_previous,reachable_but_missing_opening_hours | reachable_but_missing_checkin_checkout,raw_bratislava region_2026-04-01_21-01-58-857.csv
Hotel Modena,Bratislava,Medium-High,8.39,reachable_missing_checkin_checkout,P2,manual_review_if_capacity,Verejne nepotvrdené,Verejne nepotvrdené,,none,yes,dns_resolution_failed_fallback_previous,reachable_but_missing_opening_hours | reachable_but_missing_checkin_checkout,raw_bratislava region_2026-04-01_21-01-58-857.csv
"Hotel Orlan ( hotel Ružinov , Hotels )",Ružinov,Medium-High,8.34,reachable_missing_checkin_checkout,P2,manual_review_if_capacity,Verejne nepotvrdené,Verejne nepotvrdené,,none,yes,dns_resolution_failed_fallback_previous,reachable_but_missing_opening_hours | reachable_but_missing_checkin_checkout,raw_bratislava region_2026-04-01_21-01-58-857.csv
Elysium Spa,Staré Mesto,Medium-High,8.34,reachable_missing_checkin_checkout,P2,manual_review_if_capacity,Verejne nepotvrdené,Verejne nepotvrdené,,none,yes,dns_resolution_failed_fallback_previous,reachable_but_missing_opening_hours | reachable_but_missing_checkin_checkout,raw_bratislava region_2026-04-01_21-01-58-857.csv
Hotel Albrecht,Bratislava,Medium-High,8.33,reachable_missing_checkin_checkout,P2,manual_review_if_capacity,Overené vo verejnom zdroji,Verejne nepotvrdené,,none,yes,dns_resolution_failed_fallback_previous,reachable_but_missing_checkin_checkout,raw_bratislava region_2026-04-01_21-01-58-857.csv
Boutique Apartments Possonium,Bratislava,Medium-High,8.28,reachable_missing_checkin_checkout,P2,manual_review_if_capacity,Verejne nepotvrdené,Verejne nepotvrdené,,none,yes,dns_resolution_failed_fallback_previous,reachable_but_missing_opening_hours | reachable_but_missing_checkin_checkout,raw_bratislava region_2026-04-01_21-01-58-857.csv
Penzion Helios,Devínska Nová Ves,Medium-High,8.22,reachable_missing_checkin_checkout,P2,manual_review_if_capacity,Verejne nepotvrdené,Verejne nepotvrdené,,none,yes,dns_resolution_failed_fallback_previous,reachable_but_missing_opening_hours | reachable_but_missing_checkin_checkout,raw_bratislava region_2026-04-01_21-01-58-857.csv
The Spa - Luxury thai massage & Spa,Petržalka,Medium-High,8.2,reachable_missing_checkin_checkout,P2,manual_review_if_capacity,Verejne nepotvrdené,Verejne nepotvrdené,,none,yes,dns_resolution_failed_fallback_previous,reachable_but_missing_opening_hours | reachable_but_missing_checkin_checkout,raw_bratislava region_2026-04-01_21-01-58-857.csv
Marrol's Boutique Hotel,Bratislava,Medium-High,8.17,reachable_missing_checkin_checkout,P2,manual_review_if_capacity,Verejne nepotvrdené,Verejne nepotvrdené,,none,yes,dns_resolution_failed_fallback_previous,reachable_but_missing_opening_hours | reachable_but_missing_checkin_checkout,raw_bratislava region_2026-04-01_21-01-58-857.csv
ARCADIA BOUTIQUE HOTEL,Staré Mesto,Medium-High,8.16,reachable_missing_checkin_checkout,P2,manual_review_if_capacity,Verejne nepotvrdené,Verejne nepotvrdené,,none,yes,dns_resolution_failed_fallback_previous,reachable_but_missing_opening_hours | reachable_but_missing_checkin_checkout,raw_bratislava region_2026-04-01_21-01-58-857.csv
Centrum Salvator,Bratislava,Medium-High,8.16,reachable_missing_checkin_checkout,P2,manual_review_if_capacity,Verejne nepotvrdené,Verejne nepotvrdené,,none,yes,dns_resolution_failed_fallback_previous,reachable_but_missing_opening_hours | reachable_but_missing_checkin_checkout,raw_bratislava region_2026-04-01_21-01-58-857.csv
Hotel Avance,Bratislava,Medium-High,8.16,reachable_missing_checkin_checkout,P2,manual_review_if_capacity,Verejne nepotvrdené,Verejne nepotvrdené,,none,yes,dns_resolution_failed_fallback_previous,reachable_but_missing_opening_hours | reachable_but_missing_checkin_checkout,raw_bratislava region_2026-04-01_21-01-58-857.csv
Hotel Matyšák,Staré Mesto,Medium-High,8.15,reachable_missing_checkin_checkout,P2,manual_review_if_capacity,Verejne nepotvrdené,Verejne nepotvrdené,,none,yes,dns_resolution_failed_fallback_previous,reachable_but_missing_opening_hours | reachable_but_missing_checkin_checkout,raw_bratislava region_2026-04-01_21-01-58-857.csv
Felicity Garni Hotel,Bratislava,Medium-High,8.15,reachable_missing_checkin_checkout,P2,manual_review_if_capacity,Verejne nepotvrdené,Verejne nepotvrdené,,none,yes,dns_resolution_failed_fallback_previous,reachable_but_missing_opening_hours | reachable_but_missing_checkin_checkout,raw_bratislava region_2026-04-01_21-01-58-857.csv
Suza,Bratislava,Medium-High,8.15,reachable_missing_checkin_checkout,P2,manual_review_if_capacity,Verejne nepotvrdené,Verejne nepotvrdené,,none,yes,dns_resolution_failed_fallback_previous,reachable_but_missing_opening_hours | reachable_but_missing_checkin_checkout,raw_bratislava region_2026-04-01_21-01-58-857.csv
APLEND CITY Hotel Perugia,Bratislava,Medium-High,8.14,reachable_missing_checkin_checkout,P2,manual_review_if_capacity,Verejne nepotvrdené,Verejne nepotvrdené,,none,yes,dns_resolution_failed_fallback_previous,reachable_but_missing_opening_hours | reachable_but_missing_checkin_checkout,raw_bratislava region_2026-04-01_21-01-58-857.csv
PREMIUM Business Hotel Bratislava,Bratislava,Medium-High,8.14,reachable_missing_checkin_checkout,P2,manual_review_if_capacity,Verejne nepotvrdené,Verejne nepotvrdené,,none,yes,dns_resolution_failed_fallback_previous,reachable_but_missing_opening_hours | reachable_but_missing_checkin_checkout,raw_bratislava region_2026-04-01_21-01-58-857.csv
Vienna House Easy Bratislava,Bratislava,Medium-High,8.13,reachable_missing_checkin_checkout,P2,manual_review_if_capacity,Verejne nepotvrdené,Verejne nepotvrdené,,none,yes,dns_resolution_failed_fallback_previous,reachable_but_missing_opening_hours | reachable_but_missing_checkin_checkout,raw_bratislava region_2026-04-01_21-01-58-857.csv
Dobrá Lipa,Vajnory,Medium-High,8.13,reachable_missing_checkin_checkout,P2,manual_review_if_capacity,Verejne nepotvrdené,Verejne nepotvrdené,,none,yes,dns_resolution_failed_fallback_previous,reachable_but_missing_opening_hours | reachable_but_missing_checkin_checkout,raw_bratislava region_2026-04-01_21-01-58-857.csv
Hotel Saffron,Bratislava,Medium-High,8.13,reachable_missing_checkin_checkout,P2,manual_review_if_capacity,Verejne nepotvrdené,Verejne nepotvrdené,,none,yes,dns_resolution_failed_fallback_previous,reachable_but_missing_opening_hours | reachable_but_missing_checkin_checkout,raw_bratislava region_2026-04-01_21-01-58-857.csv
Ubytovňa Siesta,Bratislava,Medium-High,8.12,reachable_missing_checkin_checkout,P2,manual_review_if_capacity,Verejne nepotvrdené,Verejne nepotvrdené,,none,yes,dns_resolution_failed_fallback_previous,reachable_but_missing_opening_hours | reachable_but_missing_checkin_checkout,raw_bratislava region_2026-04-01_21-01-58-857.csv
Elisabeth Old Town hotel,Bratislava,Medium-High,8.12,reachable_missing_checkin_checkout,P2,manual_review_if_capacity,Overené vo verejnom zdroji,Verejne nepotvrdené,,none,yes,dns_resolution_failed_fallback_previous,reachable_but_missing_checkin_checkout,raw_bratislava region_2026-04-01_21-01-58-857.csv
Hotel Blue Bratislava,Bratislava,Medium-High,8.12,reachable_missing_checkin_checkout,P2,manual_review_if_capacity,Verejne nepotvrdené,Verejne nepotvrdené,,none,yes,dns_resolution_failed_fallback_previous,reachable_but_missing_opening_hours | reachable_but_missing_checkin_checkout,raw_bratislava region_2026-04-01_21-01-58-857.csv
Hotel West,Nové Mesto,Medium-High,8.12,reachable_missing_checkin_checkout,P2,manual_review_if_capacity,Verejne nepotvrdené,Verejne nepotvrdené,,none,yes,dns_resolution_failed_fallback_previous,reachable_but_missing_opening_hours | reachable_but_missing_checkin_checkout,raw_bratislava region_2026-04-01_21-01-58-857.csv
Aviator Garni Hotel Bratislava,Ružinov,Medium-High,8.11,reachable_missing_checkin_checkout,P2,manual_review_if_capacity,Verejne nepotvrdené,Verejne nepotvrdené,,none,yes,dns_resolution_failed_fallback_previous,reachable_but_missing_opening_hours | reachable_but_missing_checkin_checkout,raw_bratislava region_2026-04-01_21-01-58-857.csv
Hotel Nivy,Bratislava,Medium-High,8.1,reachable_missing_checkin_checkout,P2,manual_review_if_capacity,Verejne nepotvrdené,Verejne nepotvrdené,,none,yes,dns_resolution_failed_fallback_previous,reachable_but_missing_opening_hours | reachable_but_missing_checkin_checkout,raw_bratislava region_2026-04-01_21-01-58-857.csv
Hotel Set,Nové Mesto,Medium-High,8.09,reachable_missing_checkin_checkout,P2,manual_review_if_capacity,Verejne nepotvrdené,Verejne nepotvrdené,,none,yes,dns_resolution_failed_fallback_previous,reachable_but_missing_opening_hours | reachable_but_missing_checkin_checkout,raw_bratislava region_2026-04-01_21-01-58-857.csv
Hotel Brix,Bratislava,Medium-High,8.09,reachable_missing_checkin_checkout,P2,manual_review_if_capacity,Verejne nepotvrdené,Verejne nepotvrdené,,none,yes,dns_resolution_failed_fallback_previous,reachable_but_missing_opening_hours | reachable_but_missing_checkin_checkout,raw_bratislava region_2026-04-01_21-01-58-857.csv
Hotel Družba,Karlova Ves,Medium-High,8.06,reachable_missing_checkin_checkout,P2,manual_review_if_capacity,Verejne nepotvrdené,Verejne nepotvrdené,,none,yes,dns_resolution_failed_fallback_previous,reachable_but_missing_opening_hours | reachable_but_missing_checkin_checkout,raw_bratislava region_2026-04-01_21-01-58-857.csv
Mama's Design & Boutique Hotel,Bratislava,Medium-High,8.06,reachable_missing_checkin_checkout,P2,manual_review_if_capacity,Verejne nepotvrdené,Verejne nepotvrdené,,none,yes,dns_resolution_failed_fallback_previous,reachable_but_missing_opening_hours | reachable_but_missing_checkin_checkout,raw_bratislava region_2026-04-01_21-01-58-857.csv
The Spa Barok - Luxury Thai massage & Spa,Bratislava-Petržalka,Medium-High,8.05,reachable_missing_checkin_checkout,P2,manual_review_if_capacity,Verejne nepotvrdené,Verejne nepotvrdené,,none,yes,dns_resolution_failed_fallback_previous,reachable_but_missing_opening_hours | reachable_but_missing_checkin_checkout,raw_bratislava region_2026-04-01_21-01-58-857.csv
BlueBell Hotel,Bratislava,Medium-High,8.01,reachable_missing_checkin_checkout,P2,manual_review_if_capacity,Overené vo verejnom zdroji,Verejne nepotvrdené,,none,yes,dns_resolution_failed_fallback_previous,reachable_but_missing_checkin_checkout,raw_bratislava region_2026-04-01_21-01-58-857.csv
Art Hotel William,Bratislava,Medium-High,8.0,reachable_missing_checkin_checkout,P2,manual_review_if_capacity,Verejne nepotvrdené,Verejne nepotvrdené,,none,yes,dns_resolution_failed_fallback_previous,reachable_but_missing_opening_hours | reachable_but_missing_checkin_checkout,raw_bratislava region_2026-04-01_21-01-58-857.csv
Hotel EXPO,Petržalka,Medium-High,7.98,reachable_missing_checkin_checkout,P2,manual_review_if_capacity,Verejne nepotvrdené,Verejne nepotvrdené,,none,yes,dns_resolution_failed_fallback_previous,reachable_but_missing_opening_hours | reachable_but_missing_checkin_checkout,raw_bratislava region_2026-04-01_21-01-58-857.csv
BIVIO,Bratislava,Medium-High,7.97,reachable_missing_checkin_checkout,P2,manual_review_if_capacity,Verejne nepotvrdené,Verejne nepotvrdené,,none,yes,dns_resolution_failed_fallback_previous,reachable_but_missing_opening_hours | reachable_but_missing_checkin_checkout,raw_bratislava region_2026-04-01_21-01-58-857.csv
Hotel Esprit,Petržalka,Medium-High,7.94,reachable_missing_checkin_checkout,P2,manual_review_if_capacity,Verejne nepotvrdené,Verejne nepotvrdené,,none,yes,dns_resolution_failed_fallback_previous,reachable_but_missing_opening_hours | reachable_but_missing_checkin_checkout,raw_bratislava region_2026-04-01_21-01-58-857.csv
"Hotel Remy, s.r.o.",Nové Mesto,Medium-High,7.94,reachable_missing_checkin_checkout,P2,manual_review_if_capacity,Verejne nepotvrdené,Verejne nepotvrdené,,none,yes,dns_resolution_failed_fallback_previous,reachable_but_missing_opening_hours | reachable_but_missing_checkin_checkout,raw_bratislava region_2026-04-01_21-01-58-857.csv
WELLNESS HEAVEN Bratislava,Bratislava,Medium-High,7.9,reachable_missing_checkin_checkout,P2,manual_review_if_capacity,Verejne nepotvrdené,Verejne nepotvrdené,,none,yes,dns_resolution_failed_fallback_previous,reachable_but_missing_opening_hours | reachable_but_missing_checkin_checkout,raw_bratislava region_2026-04-01_21-01-58-857.csv
Garni Hotel DOCK,Bratislava,Medium-High,7.9,reachable_missing_checkin_checkout,P2,manual_review_if_capacity,Verejne nepotvrdené,Verejne nepotvrdené,,none,yes,dns_resolution_failed_fallback_previous,reachable_but_missing_opening_hours | reachable_but_missing_checkin_checkout,raw_bratislava region_2026-04-01_21-01-58-857.csv
BEIGLI Hotel & Garden,Bratislava,Medium-High,7.88,reachable_missing_checkin_checkout,P2,manual_review_if_capacity,Verejne nepotvrdené,Verejne nepotvrdené,,none,yes,dns_resolution_failed_fallback_previous,reachable_but_missing_opening_hours | reachable_but_missing_checkin_checkout,raw_bratislava region_2026-04-01_21-01-58-857.csv
Apartmány Lafranconi,Staré Mesto,Medium-High,7.87,reachable_missing_checkin_checkout,P2,manual_review_if_capacity,Overené vo verejnom zdroji,Verejne nepotvrdené,,none,yes,dns_resolution_failed_fallback_previous,reachable_but_missing_checkin_checkout,raw_bratislava region_2026-04-01_21-01-58-857.csv
Charming & Cozy by Ambiente,Bratislava,Medium-High,7.86,reachable_missing_checkin_checkout,P2,manual_review_if_capacity,Verejne nepotvrdené,Verejne nepotvrdené,,none,yes,dns_resolution_failed_fallback_previous,reachable_but_missing_opening_hours | reachable_but_missing_checkin_checkout,raw_bratislava region_2026-04-01_21-01-58-857.csv
Plaváreň Nivy,Bratislava,Medium-High,7.84,reachable_missing_checkin_checkout,P2,manual_review_if_capacity,Verejne nepotvrdené,Verejne nepotvrdené,,none,yes,dns_resolution_failed_fallback_previous,reachable_but_missing_opening_hours | reachable_but_missing_checkin_checkout,raw_bratislava region_2026-04-01_21-01-58-857.csv
Form Factory Nivy,Ružinov,Medium-High,7.82,reachable_missing_checkin_checkout,P2,manual_review_if_capacity,Verejne nepotvrdené,Verejne nepotvrdené,,none,yes,dns_resolution_failed_fallback_previous,reachable_but_missing_opening_hours | reachable_but_missing_checkin_checkout,raw_bratislava region_2026-04-01_21-01-58-857.csv
Penzión Hviezda,Bratislava,Medium-High,7.82,reachable_missing_checkin_checkout,P2,manual_review_if_capacity,Verejne nepotvrdené,Verejne nepotvrdené,,none,yes,dns_resolution_failed_fallback_previous,reachable_but_missing_opening_hours | reachable_but_missing_checkin_checkout,raw_bratislava region_2026-04-01_21-01-58-857.csv
Sauna Luma,Karlova Ves,Medium-High,7.82,reachable_missing_checkin_checkout,P2,manual_review_if_capacity,Verejne nepotvrdené,Verejne nepotvrdené,,none,yes,dns_resolution_failed_fallback_previous,reachable_but_missing_opening_hours | reachable_but_missing_checkin_checkout,raw_bratislava region_2026-04-01_21-01-58-857.csv
BERG penzion,Petržalka,Medium-High,7.82,reachable_missing_checkin_checkout,P2,manual_review_if_capacity,Verejne nepotvrdené,Verejne nepotvrdené,,none,yes,dns_resolution_failed_fallback_previous,reachable_but_missing_opening_hours | reachable_but_missing_checkin_checkout,raw_bratislava region_2026-04-01_21-01-58-857.csv
More Than Accommodation,Petržalka,Medium-High,7.82,reachable_missing_checkin_checkout,P2,manual_review_if_capacity,Overené vo verejnom zdroji,Verejne nepotvrdené,,none,yes,dns_resolution_failed_fallback_previous,reachable_but_missing_checkin_checkout,raw_bratislava region_2026-04-01_21-01-58-857.csv
Hotel Viktor,Petržalka,Medium-High,7.76,reachable_missing_checkin_checkout,P2,manual_review_if_capacity,Verejne nepotvrdené,Verejne nepotvrdené,,none,yes,dns_resolution_failed_fallback_previous,reachable_but_missing_opening_hours | reachable_but_missing_checkin_checkout,raw_bratislava region_2026-04-01_21-01-58-857.csv
"ZEN SPA - float, privátna sauna, masáž",Bratislava,Medium-High,7.7,reachable_missing_checkin_checkout,P2,manual_review_if_capacity,Verejne nepotvrdené,Verejne nepotvrdené,,none,yes,dns_resolution_failed_fallback_previous,reachable_but_missing_opening_hours | reachable_but_missing_checkin_checkout,raw_bratislava region_2026-04-01_21-01-58-857.csv
Hostel Alex,Bratislava,Medium-High,7.52,reachable_missing_checkin_checkout,P2,manual_review_if_capacity,Overené vo verejnom zdroji,Verejne nepotvrdené,,none,yes,dns_resolution_failed_fallback_previous,reachable_but_missing_checkin_checkout,raw_bratislava region_2026-04-01_21-01-58-857.csv
Uninova Hostel,Bratislava,Medium-High,7.51,reachable_missing_checkin_checkout,P2,manual_review_if_capacity,Verejne nepotvrdené,Verejne nepotvrdené,,none,yes,dns_resolution_failed_fallback_previous,reachable_but_missing_opening_hours | reachable_but_missing_checkin_checkout,raw_bratislava region_2026-04-01_21-01-58-857.csv
Hotel Antares,Bratislava,Medium-High,8.14,reachable_missing_opening_hours,P2,manual_review_if_capacity,Verejne nepotvrdené,Overené vo verejnom zdroji,text,paired,yes,dns_resolution_failed_fallback_previous,reachable_but_missing_opening_hours,raw_bratislava region_2026-04-01_21-01-58-857.csv
Best Place Apartments,Bratislava,Medium-High,8.13,reachable_missing_opening_hours,P2,manual_review_if_capacity,Verejne nepotvrdené,Overené vo verejnom zdroji,text,paired,yes,dns_resolution_failed_fallback_previous,reachable_but_missing_opening_hours,raw_bratislava region_2026-04-01_21-01-58-857.csv
"Radisson Blu Carlton Hotel, Bratislava",Bratislava,High,9.36,dns_fetch_blocked,P1,hold_batch_due_to_dns_incident,Verejne nepotvrdené,Verejne nepotvrdené,,none,no,dns_resolution_failed,unverified_opening_hours | unverified_checkin_checkout | source_fetch_blocked_dns,raw_bratislava region_2026-04-01_21-01-58-857.csv
AC Hotel Bratislava Old Town,Bratislava,High,9.35,dns_fetch_blocked,P1,hold_batch_due_to_dns_incident,Verejne nepotvrdené,Verejne nepotvrdené,,none,no,dns_resolution_failed,unverified_opening_hours | unverified_checkin_checkout | source_fetch_blocked_dns,raw_bratislava region_2026-04-01_21-01-58-857.csv
Park Inn by Radisson Danube Bratislava,Bratislava,High,9.33,dns_fetch_blocked,P1,hold_batch_due_to_dns_incident,Verejne nepotvrdené,Verejne nepotvrdené,,none,no,dns_resolution_failed,unverified_opening_hours | unverified_checkin_checkout | source_fetch_blocked_dns,raw_bratislava region_2026-04-01_21-01-58-857.csv
Cabin Devín,Cabin-Devín,High,8.92,dns_fetch_blocked,P1,hold_batch_due_to_dns_incident,Verejne nepotvrdené,Verejne nepotvrdené,,none,no,dns_resolution_failed,unverified_opening_hours | unverified_checkin_checkout | source_fetch_blocked_dns,raw_bratislava region_2026-04-01_21-01-58-857.csv
William's apartments s.r.o,Bratislava,High,8.91,dns_fetch_blocked,P1,hold_batch_due_to_dns_incident,Verejne nepotvrdené,Verejne nepotvrdené,,none,no,dns_resolution_failed,unverified_opening_hours | unverified_checkin_checkout | source_fetch_blocked_dns,raw_bratislava region_2026-04-01_21-01-58-857.csv
"Grand Hotel River Park, a Luxury Collection Hotel",Bratislava,High,8.76,dns_fetch_blocked,P1,hold_batch_due_to_dns_incident,Verejne nepotvrdené,Verejne nepotvrdené,,none,no,dns_resolution_failed,unverified_opening_hours | unverified_checkin_checkout | source_fetch_blocked_dns,raw_bratislava region_2026-04-01_21-01-58-857.csv
Sheraton Bratislava,Bratislava,High,8.76,dns_fetch_blocked,P1,hold_batch_due_to_dns_incident,Verejne nepotvrdené,Verejne nepotvrdené,,none,no,dns_resolution_failed,unverified_opening_hours | unverified_checkin_checkout | source_fetch_blocked_dns,raw_bratislava region_2026-04-01_21-01-58-857.csv
DoubleTree by Hilton Bratislava,Bratislava,High,8.75,dns_fetch_blocked,P1,hold_batch_due_to_dns_incident,Verejne nepotvrdené,Verejne nepotvrdené,,none,no,dns_resolution_failed,unverified_opening_hours | unverified_checkin_checkout | source_fetch_blocked_dns,raw_bratislava region_2026-04-01_21-01-58-857.csv
Aston Business hotel,Bratislava,High,8.64,dns_fetch_blocked,P1,hold_batch_due_to_dns_incident,Verejne nepotvrdené,Verejne nepotvrdené,,none,no,dns_resolution_failed,unverified_opening_hours | unverified_checkin_checkout | source_fetch_blocked_dns,raw_bratislava region_2026-04-01_21-01-58-857.csv
Lindner Hotel Bratislava - JDV by Hyatt,Bratislava,Medium-High,8.15,dns_fetch_blocked,P2,hold_for_retry,Verejne nepotvrdené,Verejne nepotvrdené,,none,no,dns_resolution_failed,unverified_opening_hours | unverified_checkin_checkout | source_fetch_blocked_dns,raw_bratislava region_2026-04-01_21-01-58-857.csv
Hotel NH Bratislava Gate One,Bratislava,Medium-High,8.15,dns_fetch_blocked,P2,hold_for_retry,Verejne nepotvrdené,Verejne nepotvrdené,,none,no,dns_resolution_failed,unverified_opening_hours | unverified_checkin_checkout | source_fetch_blocked_dns,raw_bratislava region_2026-04-01_21-01-58-857.csv
Hotel Plus Bratislava,Ružinov,Medium-High,8.04,dns_fetch_blocked,P2,hold_for_retry,Verejne nepotvrdené,Verejne nepotvrdené,,none,no,dns_resolution_failed,unverified_opening_hours | unverified_checkin_checkout | source_fetch_blocked_dns,raw_bratislava region_2026-04-01_21-01-58-857.csv
Tempus Club Garni Hotel,Bratislava,Medium-High,8.03,dns_fetch_blocked,P2,hold_for_retry,Verejne nepotvrdené,Verejne nepotvrdené,,none,no,dns_resolution_failed,unverified_opening_hours | unverified_checkin_checkout | source_fetch_blocked_dns,raw_bratislava region_2026-04-01_21-01-58-857.csv
Hotel Avion,Ružinov,Medium-High,8.0,dns_fetch_blocked,P2,hold_for_retry,Verejne nepotvrdené,Verejne nepotvrdené,,none,no,dns_resolution_failed,unverified_opening_hours | unverified_checkin_checkout | source_fetch_blocked_dns,raw_bratislava region_2026-04-01_21-01-58-857.csv
Wilson Palace Bratislava,Bratislava,Medium-High,7.88,dns_fetch_blocked,P2,hold_for_retry,Verejne nepotvrdené,Verejne nepotvrdené,,none,no,dns_resolution_failed,unverified_opening_hours | unverified_checkin_checkout | source_fetch_blocked_dns,raw_bratislava region_2026-04-01_21-01-58-857.csv
