hotel_name,review_score,reviews_count,street,city,country_code,website,phone,category_name,source_url,all_categories,source_file,priority_score,priority_band
Loft Hotel Bratislava,4.7,1252,Štefánikova 864/4,Bratislava,SK,https://www.lofthotel.sk/?utm_source=google&utm_medium=knowledge&utm_campaign=knowledgegraph,+421 901 902 680,Hotel,https://www.google.com/maps/search/?api=1&query=Loft%20Hotel%20Bratislava&query_place_id=ChIJC4TRo1CJbEcRDJ1qJRu9pI4,Hotel | Bar | Pivovar | Konferenčné priestory | Reštaurácia,raw_bratislava region_2026-04-01_21-01-58-857.csv,9.37,High
"Radisson Blu Carlton Hotel, Bratislava",4.6,2892,Hviezdoslavovo námestie 3,Bratislava,SK,https://www.radissonhotels.com/en-us/hotels/radisson-blu-bratislava-carlton?cid=a:se+b:gmb+c:emea+i:local+e:rdb+d:cese+h:SKBTSCAR,+421 2/593 905 00,Hotel,https://www.google.com/maps/search/?api=1&query=Radisson%20Blu%20Carlton%20Hotel%2C%20Bratislava&query_place_id=ChIJw7WQnEKJbEcRUkWsThGiOlY,Hotel | Bar | Veľkoobchodný predaj | Posilňovňa | Telocvičňa | Reštaurácia,raw_bratislava region_2026-04-01_21-01-58-857.csv,9.36,High
Areál vodných športov Čunovo,4.5,931,Vodné dielo,Čunovo,SK,http://www.divokavoda.sk/,+421 905 313 429,Hotel,https://www.google.com/maps/search/?api=1&query=Are%C3%A1l%20vodn%C3%BDch%20%C5%A1portov%20%C4%8Cunovo&query_place_id=ChIJcSxCCsh9bEcRXXi8giA85HQ,Hotel | Kemp | Firma zameraná na eventový manažment | Športový areál | Reštaurácia | Svadobný servis,raw_bratislava region_2026-04-01_21-01-58-857.csv,9.35,High
AC Hotel Bratislava Old Town,4.5,890,Vysoká 2/A,Bratislava,SK,https://www.marriott.com/en-us/hotels/btsar-ac-hotel-bratislava-old-town/overview/?scid=f2ae0541-1279-4f24-b197-a979c79310b0,+421 2/200 200 00,Hotel,https://www.google.com/maps/search/?api=1&query=AC%20Hotel%20Bratislava%20Old%20Town&query_place_id=ChIJHb7R7qyJbEcRjVJd6e7pUhI,Hotel | Nocľah a raňajky | Veľkoobchodný predaj | Hotel na predĺžený pobyt | Miesto na konanie svadieb,raw_bratislava region_2026-04-01_21-01-58-857.csv,9.35,High
Ponteo Activity Park Rusovce - hotel & reštaurácia,4.4,835,Starorímska 1a,Rusovce,SK,http://www.ponteo.sk/,+421 2/209 090 10,Hotel,https://www.google.com/maps/search/?api=1&query=Ponteo%20Activity%20Park%20Rusovce%20-%20hotel%20%26%20re%C5%A1taur%C3%A1cia&query_place_id=ChIJFQ3HIDB9bEcRDki5t_V48Ac,Hotel | Ihrisko na plážový volejbal | Bowlingové centrum | Kongresové centrum | Posilňovňa | Detské ihrisko | Reštaurácia | Wellness centrum | Squashový kurt | Tenisový kurt,raw_bratislava region_2026-04-01_21-01-58-857.csv,9.34,High
CHORS like a hotel | Capsule & NFT Boutique Hostel Bratislava,4.4,784,Obchodná 43,Bratislava,SK,http://www.cho.rs/,+421 910 127 878,Kapsulový hotel,https://www.google.com/maps/search/?api=1&query=CHORS%20like%20a%20hotel%20%7C%20Capsule%20%26%20NFT%20Boutique%20Hostel%20Bratislava&query_place_id=ChIJF5CPfieJbEcReoFNp1HUQZc,Kapsulový hotel | Prenájom dovolenkových apartmánov | Hostel | Hotel | Apartmán s izbovou službou | Dovolenkový apartmán,raw_bratislava region_2026-04-01_21-01-58-857.csv,9.34,High
Park Inn by Radisson Danube Bratislava,4.3,2417,Rybné námestie 1,Bratislava,SK,https://www.radissonhotels.com/en-us/hotels/park-inn-bratislava-danube?cid=a:se+b:gmb+c:emea+i:local+e:pii+d:cese+h:SKBTSDAN,+421 2/593 400 00,Hotel,https://www.google.com/maps/search/?api=1&query=Park%20Inn%20by%20Radisson%20Danube%20Bratislava&query_place_id=ChIJp0jIC2iJbEcRT6ptovY_epc,Hotel | Bar | Veľkoobchodný predaj | Posilňovňa | Telocvičňa | Reštaurácia,raw_bratislava region_2026-04-01_21-01-58-857.csv,9.33,High
WX Hotel,4.2,508,Opletalova 1A,Devínska Nová Ves,SK,https://www.wxhotel.sk/,+421 948 946 835,Hotel,https://www.google.com/maps/search/?api=1&query=WX%20Hotel&query_place_id=ChIJ52Kt7QLzbEcRhrzHytKGoEU,Hotel | Posilňovňa | Konferenčné priestory | Reštaurácia - jedlo so sebou a donáška | Reštaurácia | Wellness centrum,raw_bratislava region_2026-04-01_21-01-58-857.csv,9.32,High
HOTEL BRATISLAVA,4.1,3307,Seberíniho 1765/9,Bratislava,SK,http://www.hotelbratislava.sk/,+421 2/206 061 00,Hotel,https://www.google.com/maps/search/?api=1&query=HOTEL%20BRATISLAVA&query_place_id=ChIJFdNwvSyPbEcR-JkGjN9fQJE,Hotel | Kongresové centrum | Hotel na predĺžený pobyt | Konferenčné priestory | Reštaurácia,raw_bratislava region_2026-04-01_21-01-58-857.csv,9.31,High
Hotel Gracia Bratislava,3.9,1032,Rázusovo nábrežie 32,Bratislava,SK,http://www.botelgracia.sk/,+421 2/544 321 32,Hotel,https://www.google.com/maps/search/?api=1&query=Hotel%20Gracia%20Bratislava&query_place_id=ChIJL_xSRGiJbEcRYvQCZhh9wE8,Hotel | Nocľah a raňajky | Ubytovanie pre skupiny | Reštaurácia | Ubytovanie s izbovou službou,raw_bratislava region_2026-04-01_21-01-58-857.csv,9.29,High
Melrose Apartments,4.3,295,Betliarska 3769/12,Petržalka,SK,http://www.melroseapartman.sk/,+421 2/207 629 46,Hotel,https://www.google.com/maps/search/?api=1&query=Melrose%20Apartments&query_place_id=ChIJyScSNciJbEcRdFjO-GStdmA,Hotel | Apartmánový komplex | Ubytovanie | Reštaurácia | Bazén | Dovolenkový apartmán,raw_bratislava region_2026-04-01_21-01-58-857.csv,9.12,High
BAROK Hotel a Apartmany,4.6,241,Sitnianska 1,Bratislava-Petržalka,SK,http://www.barok.sk/,+421 950 500 555,Hotel,https://www.google.com/maps/search/?api=1&query=BAROK%20Hotel%20a%20Apartmany&query_place_id=ChIJu61KpUqIbEcRV54KLBxj_L8,Hotel | Apartmánový komplex | Gril | Športový areál | Kongresové centrum | Konferenčné priestory | Wellness a masáže | Detské ihrisko | Bazén | Svadobný servis,raw_bratislava region_2026-04-01_21-01-58-857.csv,9.1,High
SKARITZ Hotel & Residence,4.6,527,Michalská 382,Bratislava,SK,https://skaritz.com/?utm_source=gbp&utm_medium=organic&utm_campaign=gbp-listing,+421 2/592 097 70,Hotel,https://www.google.com/maps/search/?api=1&query=SKARITZ%20Hotel%20%26%20Residence&query_place_id=ChIJqWbI2VyJbEcRDgiRvT3gLGk,Hotel | Hotel na predĺžený pobyt | Ubytovanie s izbovou službou | Wellness Hotel,raw_bratislava region_2026-04-01_21-01-58-857.csv,9.06,High
YACHTER CLUB Modrá Čajka,4.6,883,vodné dielo,Čunovo,SK,http://www.yachter-cajka.sk/,+421 948 815 888,Prístav,https://www.google.com/maps/search/?api=1&query=YACHTER%20CLUB%20Modr%C3%A1%20%C4%8Cajka&query_place_id=ChIJuXUeZ7h9bEcROnFIF2IZRpk,Prístav | Ihrisko na plážový volejbal | Požičovňa lodí | Rýchle občerstvenie | Prenájom rybárskych lodí | Reštaurácia | Vodné lyžovanie,raw_bratislava region_2026-04-01_21-01-58-857.csv,9.06,High
LILAWADI - Wellness & Spa,5.0,441,Kresánkova 7C,Karlova Ves,SK,https://www.lilawadi.sk/,+421 948 888 885,Wellness centrum,https://www.google.com/maps/search/?api=1&query=LILAWADI%20-%20Wellness%20%26%20Spa&query_place_id=ChIJC9Fj0U6LbEcR3x4ygcOAdOY,Wellness centrum | Denný wellness | Wellness a masáže | Wellness s horúcimi kameňmi | Verejná sauna | Sauna | Wellness program,raw_bratislava region_2026-04-01_21-01-58-857.csv,9.04,High
Apollo Hotel,4.4,3604,Dulovo námestie 1,Ružinov,SK,http://www.apollohotel.sk/,+421 903 231 893,Hotel,https://www.google.com/maps/search/?api=1&query=Apollo%20Hotel&query_place_id=ChIJi8Rg1DCJbEcRNX5E39oAsGI,Hotel | Bar | Konferenčné stredisko | Reštaurácia,raw_bratislava region_2026-04-01_21-01-58-857.csv,9.04,High
Mamaison Residence Sulekova Bratislava,4.3,604,Šulekova 1172/20,Bratislava I,SK,https://www.mamaisonsulekova.com/,+421 2/591 002 00,Hotel na predĺžený pobyt,https://www.google.com/maps/search/?api=1&query=Mamaison%20Residence%20Sulekova%20Bratislava&query_place_id=ChIJg9fAMFmJbEcRxLqNu3BX9-g,Hotel na predĺžený pobyt | Hotel | Sauna | Ubytovanie s izbovou službou,raw_bratislava region_2026-04-01_21-01-58-857.csv,9.03,High
Dunajský Pivovar,3.8,2429,Tyršovo nábrežie,Bratislava-Petržalka,SK,http://www.dunajskypivovar.sk/,+421 948 418 934,Reštaurácia,https://www.google.com/maps/search/?api=1&query=Dunajsk%C3%BD%20Pivovar&query_place_id=ChIJ1Y73ImuJbEcRbwDqbz1KmRU,Reštaurácia | Bar | Pivovar | Piváreň | Krčma,raw_bratislava region_2026-04-01_21-01-58-857.csv,8.98,High
Penzion Zlatá Noha,3.4,233,Bellova 2A,Nové Mesto,SK,http://www.zlatanoha.sk/,+421 903 427 138,Hotel,https://www.google.com/maps/search/?api=1&query=Penzion%20Zlat%C3%A1%20Noha&query_place_id=ChIJSXOFNqmObEcR4O76AvaYCc0,Hotel | Penzión | Ubytovanie | Nefajčiarske ubytovacie zariadenie | Ubytovanie s izbovou službou,raw_bratislava region_2026-04-01_21-01-58-857.csv,8.97,High
Cabin Devín,5.0,22,,Cabin-Devín,SK,http://www.cabindevin.sk/,+421 911 718 259,Hotel,https://www.google.com/maps/search/?api=1&query=Cabin%20Dev%C3%ADn&query_place_id=ChIJYYHab3WLbEcRnfLtKKIoick,Hotel | Farma | Luxusná reštaurácia | Prenájom dovolenkových apartmánov | Chovateľ koní | Jazdenie na koni | Ranč | Vinica | Vinárstvo,raw_bratislava region_2026-04-01_21-01-58-857.csv,8.92,High
William's apartments s.r.o,5.0,6,Fialová 2C,Bratislava,SK,https://www.william-s-apartments.eu/william-s-apartment/,+421 908 542 052,Hotel,https://www.google.com/maps/search/?api=1&query=William's%20apartments%20s.r.o&query_place_id=ChIJu9dI1tiJbEcRC3UHHRU7A-Y,Hotel | Bytový dom | Apartmánový komplex | Prenájom bytov | Turistická oblasť | Prenájom dovolenkových apartmánov | Nefajčiarske ubytovacie zariadenie | Rekreačné stredisko | Hotelový rezort | Dovolenkový apartmán,raw_bratislava region_2026-04-01_21-01-58-857.csv,8.91,High
"Grand Hotel River Park, a Luxury Collection Hotel",4.6,1617,Dvořákovo nábrežie 6,Bratislava,SK,https://www.marriott.com/en-us/hotels/btslc-grand-hotel-river-park-a-luxury-collection-hotel-bratislava/overview/?scid=f2ae0541-1279-4f24-b197-a979c79310b0,+421 2/322 382 22,Hotel,https://www.google.com/maps/search/?api=1&query=Grand%20Hotel%20River%20Park%2C%20a%20Luxury%20Collection%20Hotel&query_place_id=ChIJnywLnt-LbEcRjox8UmxuK5c,Hotel | Plánovanie stretnutí | Miesto na konanie svadieb,raw_bratislava region_2026-04-01_21-01-58-857.csv,8.76,High
Sheraton Bratislava,4.6,1634,Pribinova 12,Bratislava,SK,https://www.marriott.com/en-us/hotels/btssi-sheraton-bratislava-hotel/overview/?scid=f2ae0541-1279-4f24-b197-a979c79310b0,+421 2/353 500 00,Hotel,https://www.google.com/maps/search/?api=1&query=Sheraton%20Bratislava&query_place_id=ChIJYS7WvT-JbEcRN0C1OeRAzCg,Hotel | Plánovanie stretnutí | Miesto na konanie svadieb,raw_bratislava region_2026-04-01_21-01-58-857.csv,8.76,High
HOTEL DEVÍN,4.5,1982,Riečna 162/4,Bratislava,SK,http://www.hoteldevin.sk/,+421 2/599 851 11,Hotel,https://www.google.com/maps/search/?api=1&query=HOTEL%20DEV%C3%8DN&query_place_id=ChIJ0RTfP2iJbEcR7Xs3j8YvZ7s,Hotel | Francúzska reštaurácia | Reštaurácia,raw_bratislava region_2026-04-01_21-01-58-857.csv,8.75,High
Crowne Plaza Bratislava,4.5,3045,Hodžovo námestie 2,Bratislava,SK,https://www.ihg.com/crowneplaza/hotels/gb/en/bratislava/btsha/hoteldetail?cm_mmc=GoogleMaps-_-CP-_-SK-_-BTSHA,+421 2/593 481 11,Hotel,https://www.google.com/maps/search/?api=1&query=Crowne%20Plaza%20Bratislava&query_place_id=ChIJaeVrEVuJbEcRa-AYnk0qGWQ,Hotel | Konferenčné stredisko | Miesto na konanie svadieb,raw_bratislava region_2026-04-01_21-01-58-857.csv,8.75,High
DoubleTree by Hilton Bratislava,4.5,2016,Trnavská cesta 27/A,Bratislava,SK,https://www.hilton.com/en/hotels/btsdidi-doubletree-bratislava/?SEO_id=GMB-EMEA-DI-BTSDIDI,+421 2/323 401 11,Hotel,https://www.google.com/maps/search/?api=1&query=DoubleTree%20by%20Hilton%20Bratislava&query_place_id=ChIJ28V7o8uObEcRf2RSz2pVWqA,Hotel | Miesto konania podujatia | Miesto na konanie svadieb,raw_bratislava region_2026-04-01_21-01-58-857.csv,8.75,High
Falkensteiner Hotel Bratislava,4.4,2496,Pilárikova 7372,Bratislava,SK,https://www.falkensteiner.com/en/hotel-bratislava,+421 2/592 361 00,Hotel,https://www.google.com/maps/search/?api=1&query=Falkensteiner%20Hotel%20Bratislava&query_place_id=ChIJGWe3a1yJbEcRuWzxtO9GYVY,Hotel | Reštaurácia | Wellness Hotel,raw_bratislava region_2026-04-01_21-01-58-857.csv,8.74,High
FanatiX Squash & Fitness Center,4.3,202,Dunajská 2295/23,Bratislava,SK,http://www.fanatix.sk/,+421 949 370 275,Športový komplex,https://www.google.com/maps/search/?api=1&query=FanatiX%20Squash%20%26%20Fitness%20Center&query_place_id=ChIJn-Zp6EaJbEcRTQNvI9x4wH4,Športový komplex | Posilňovňa | Kaderníctvo | Masér | Inštruktor skalolezenia | Squashový kurt,raw_bratislava region_2026-04-01_21-01-58-857.csv,8.73,High
Hotel Color,4.3,1296,Pri Starom mýte 3095/1,Bratislava,SK,https://www.hotelcolor.sk/,+421 917 925 200,Hotel,https://www.google.com/maps/search/?api=1&query=Hotel%20Color&query_place_id=ChIJ89Iw1vqObEcRguQA36i6QNY,Hotel | Miesto konania podujatia | Reštaurácia,raw_bratislava region_2026-04-01_21-01-58-857.csv,8.73,High
Hotel Divoká voda,4.1,837,Vodné dielo Čunovo,Bratislava,SK,http://www.divokavoda.sk/,+421 2/625 280 02,Hotel,https://www.google.com/maps/search/?api=1&query=Hotel%20Divok%C3%A1%20voda&query_place_id=ChIJezFXyat9bEcRLcbKbAWLyz4,Hotel | Zabávač | Reštaurácia,raw_bratislava region_2026-04-01_21-01-58-857.csv,8.71,High
RAJ zdravia,4.3,146,Limbová 1A,Nové Mesto,SK,https://www.rajzdravia.sk/,+421 2/203 407 11,Ajurvédska klinika,https://www.google.com/maps/search/?api=1&query=RAJ%20zdravia&query_place_id=ChIJh7caNzCNbEcRoVJgAc7Ktfg,Ajurvédska klinika | Kaviareň | Hotel | Vegetariánska reštaurácia | Wellness centrum | Štúdio jogy,raw_bratislava region_2026-04-01_21-01-58-857.csv,8.68,High
Aston Business hotel,4.4,395,Bajkalská 715,Bratislava,SK,http://www.hotelaston.sk/,+421 2/536 320 38,Hotel,https://www.google.com/maps/search/?api=1&query=Aston%20Business%20hotel&query_place_id=ChIJe5fjAS2JbEcR_b8clJLcQJg,Hotel | Konferenčné priestory | Reštaurácia,raw_bratislava region_2026-04-01_21-01-58-857.csv,8.64,High
Saunička,4.6,60,Prievozská 6,Bratislava,SK,http://www.saunicka.sk/,+421 948 966 266,Wellness centrum,https://www.google.com/maps/search/?api=1&query=Sauni%C4%8Dka&query_place_id=ChIJzYlL35KJbEcRcDEBba8dXxY,Wellness centrum | Wellness a masáže | Verejná sauna | Sauna | Saunový klub | Wellness program,raw_bratislava region_2026-04-01_21-01-58-857.csv,8.62,High
Hotel Hradná brána,4.1,95,Muránska 1062/15,Devín,SK,http://www.hradna-brana.sk/,+421 915 750 845,Hotel,https://www.google.com/maps/search/?api=1&query=Hotel%20Hradn%C3%A1%20br%C3%A1na&query_place_id=ChIJQapseE31bEcRNkBK1PwYIDw,Hotel | Dodávateľ cateringových služieb | Kaviareň | Reštaurácia,raw_bratislava region_2026-04-01_21-01-58-857.csv,8.6,High
AUROOM - Spa Moments,5.0,1,Tomášikova 26,Bratislava,SK,https://www.auroom.sk/,+421 911 401 134,Wellness Hotel,https://www.google.com/maps/search/?api=1&query=AUROOM%20-%20Spa%20Moments&query_place_id=ChIJh6DIPMSPbEcRvqL8BalAJNI,Wellness Hotel | Wellness a masáže | Sauna | Wellness centrum,raw_bratislava region_2026-04-01_21-01-58-857.csv,8.6,High
Penzión Carpatia,3.7,123,Poľný mlyn 1,Záhorská Bystrica-Poľný mlyn,SK,http://www.hotelcarpatia.sk/,+421 905 155 531,Hotel,https://www.google.com/maps/search/?api=1&query=Penzi%C3%B3n%20Carpatia&query_place_id=ChIJw6GqS47ybEcRIp8gOMxadRI,Hotel | Penzión | Ubytovanie pod strechou | Ubytovanie,raw_bratislava region_2026-04-01_21-01-58-857.csv,8.59,High
Penzión Raki & Wellness,3.8,305,Kopčianska 82/D,Petržalka,SK,http://www.penzion-bratislava-raki.com/,+421 911 747 667,Hotel,https://www.google.com/maps/search/?api=1&query=Penzi%C3%B3n%20Raki%20%26%20Wellness&query_place_id=ChIJz8cPg5qJbEcRcsWf5W8C2I4,Hotel | Ubytovňa | Penzión,raw_bratislava region_2026-04-01_21-01-58-857.csv,8.49,Medium-High
Roset Hotel & Residence,4.8,757,Štúrova 10,Bratislava,SK,http://www.rosethotel.sk/,+421 917 373 209,Hotel,https://www.google.com/maps/search/?api=1&query=Roset%20Hotel%20%26%20Residence&query_place_id=ChIJhenzKkKJbEcRdBrhUYRg684,Hotel | Ubytovanie s izbovou službou,raw_bratislava region_2026-04-01_21-01-58-857.csv,8.48,Medium-High
Hotel Max Inn,4.5,595,Pri Suchom mlyne 7,Bratislava,SK,http://www.maxinn.sk/,+421 905 120 120,Hotel,https://www.google.com/maps/search/?api=1&query=Hotel%20Max%20Inn&query_place_id=ChIJw883jgqMbEcRwK_6C6_Qkek,Hotel | Kaviareň,raw_bratislava region_2026-04-01_21-01-58-857.csv,8.45,Medium-High
Hotel Danubia Gate,4.5,837,"Hotel Danubia Gate, Dunajská 2314/26",Bratislava,SK,http://www.danubiagate.sk/,+421 917 232 000,Hotel,https://www.google.com/maps/search/?api=1&query=Hotel%20Danubia%20Gate&query_place_id=ChIJy2-mtEaJbEcR9gJQ64d-TA8,Hotel | Reštaurácia,raw_bratislava region_2026-04-01_21-01-58-857.csv,8.45,Medium-High
Hotel Tatra,4.3,2375,Námestie 1. mája 5,Staré Mesto,SK,http://www.hoteltatra.sk/,+421 2/592 721 11,Hotel,https://www.google.com/maps/search/?api=1&query=Hotel%20Tatra&query_place_id=ChIJFzn-w1qJbEcRxCb6Dz80fGc,Hotel | Kongresové centrum,raw_bratislava region_2026-04-01_21-01-58-857.csv,8.43,Medium-High
Hotel SOREA REGIA Bratislava,4.0,761,Kráľovské údolie 6,Staré Mesto,SK,http://www.sorea.sk/regia,+421 2/321 128 70,Hotel,https://www.google.com/maps/search/?api=1&query=Hotel%20SOREA%20REGIA%20Bratislava&query_place_id=ChIJtS-R_N2LbEcRxutd7kQLUZ0,Hotel | Kongresové centrum,raw_bratislava region_2026-04-01_21-01-58-857.csv,8.4,Medium-High
Hotel Modena,3.9,1055,"Slovnaft Business Center, Vlčie hrdlo 1/A",Bratislava,SK,http://www.hotelmodena.sk/,+421 948 998 488,Hotel,https://www.google.com/maps/search/?api=1&query=Hotel%20Modena&query_place_id=ChIJhUH9PpWIbEcRu8oaOSfGP6g,Hotel | Wellness Hotel,raw_bratislava region_2026-04-01_21-01-58-857.csv,8.39,Medium-High
"Hotel Orlan ( hotel Ružinov , Hotels )",3.9,447,Strojnícka 4542/99,Ružinov,SK,http://www.orlan.sk/,+421 915 626 500,Hotel,https://www.google.com/maps/search/?api=1&query=Hotel%20Orlan%20(%20hotel%20Ru%C5%BEinov%20%2C%20Hotels%20)&query_place_id=ChIJHTwThjaPbEcRCVxvwTXHz0U,Hotel | Ubytovanie s izbovou službou,raw_bratislava region_2026-04-01_21-01-58-857.csv,8.34,Medium-High
Elysium Spa,4.7,75,Grösslingová 56,Staré Mesto,SK,https://www.elysiumspa.sk/,+421 911 889 771,Wellness centrum,https://www.google.com/maps/search/?api=1&query=Elysium%20Spa&query_place_id=ChIJVShYm5iJbEcRdDOGpVoRMwM,Wellness centrum | Sauna | Saunový klub | Kúpele,raw_bratislava region_2026-04-01_21-01-58-857.csv,8.34,Medium-High
Hotel Albrecht,4.5,383,Mudroňova 4237/82,Bratislava,SK,https://www.hotelalbrecht.sk/,+421 907 666 600,Hotel,https://www.google.com/maps/search/?api=1&query=Hotel%20Albrecht&query_place_id=ChIJBc8L7OOLbEcRMy8bVJ3y42c,Hotel | Reštaurácia,raw_bratislava region_2026-04-01_21-01-58-857.csv,8.33,Medium-High
Boutique Apartments Possonium,4.1,365,Šancová 3996/20,Bratislava,SK,http://www.possonium.sk/,+421 911 754 339,Hotel,https://www.google.com/maps/search/?api=1&query=Boutique%20Apartments%20Possonium&query_place_id=ChIJhW9dZlGJbEcR8GynZ0hEwng,Hotel | Ubytovanie s izbovou službou,raw_bratislava region_2026-04-01_21-01-58-857.csv,8.28,Medium-High
Penzion Helios,4.3,293,Podhorská 1,Devínska Nová Ves,SK,http://www.penzionhelios.sk/,+421 903 420 206,Hotel,https://www.google.com/maps/search/?api=1&query=Penzion%20Helios&query_place_id=ChIJY3WJVhLzbEcRZg5TC_-saCo,Hotel | Reštaurácia,raw_bratislava region_2026-04-01_21-01-58-857.csv,8.22,Medium-High
The Spa - Luxury thai massage & Spa,4.8,220,Antolská 3721/4,Petržalka,SK,http://www.thespa.sk/,+421 911 100 861,Masér,https://www.google.com/maps/search/?api=1&query=The%20Spa%20-%20Luxury%20thai%20massage%20%26%20Spa&query_place_id=ChIJE8sS3baJbEcRNlG-45Mz2O4,Masér | Wellness a masáže | Thajský masér,raw_bratislava region_2026-04-01_21-01-58-857.csv,8.2,Medium-High
Marrol's Boutique Hotel,4.7,1448,Tobrucká 6953/4,Bratislava,SK,http://www.hotelmarrols.sk/,+421 2/577 846 00,Hotel,https://www.google.com/maps/search/?api=1&query=Marrol's%20Boutique%20Hotel&query_place_id=ChIJWbrK9UGJbEcRPdhuUlO5nwY,Hotel,raw_bratislava region_2026-04-01_21-01-58-857.csv,8.17,Medium-High
ARCADIA BOUTIQUE HOTEL,4.6,776,Františkánska 424/424/3,Staré Mesto,SK,http://www.arcadiahotel.sk/,+421 2/594 905 00,Hotel,https://www.google.com/maps/search/?api=1&query=ARCADIA%20BOUTIQUE%20HOTEL&query_place_id=ChIJQ9oQtVyJbEcRK_lU89eyLpk,Hotel,raw_bratislava region_2026-04-01_21-01-58-857.csv,8.16,Medium-High
Centrum Salvator,4.6,599,Jakubovo námestie 5/2557,Bratislava,SK,http://www.centrumsalvator.sk/,+421 950 507 258,Hotel,https://www.google.com/maps/search/?api=1&query=Centrum%20Salvator&query_place_id=ChIJxQ_dx0CJbEcRBMCxQgZNXpU,Hotel,raw_bratislava region_2026-04-01_21-01-58-857.csv,8.16,Medium-High
Hotel Avance,4.6,595,Medená 7426,Bratislava,SK,http://www.hotelavance.com/,+421 2/592 084 00,Hotel,https://www.google.com/maps/search/?api=1&query=Hotel%20Avance&query_place_id=ChIJNTLhdUKJbEcRvD6jOczmQFQ,Hotel,raw_bratislava region_2026-04-01_21-01-58-857.csv,8.16,Medium-High
Lindner Hotel Bratislava - JDV by Hyatt,4.5,2286,Metodova 4,Bratislava,SK,https://www.hyatt.com/en-US/hotel/slovakia/lindner-hotel-bratislava/btsjb?src=corp_lclb_google_seo_btsjb&utm_source=google&utm_medium=organic&utm_campaign=lmr,+421 2/399 300 00,Hotel,https://www.google.com/maps/search/?api=1&query=Lindner%20Hotel%20Bratislava%20-%20JDV%20by%20Hyatt&query_place_id=ChIJB1_JvkqJbEcRcqX4FI8vSDY,Hotel,raw_bratislava region_2026-04-01_21-01-58-857.csv,8.15,Medium-High
Hotel Matyšák,4.5,838,Pražská 3745/15,Staré Mesto,SK,http://www.hotelmatysak.sk/,+421 2/206 340 01,Hotel,https://www.google.com/maps/search/?api=1&query=Hotel%20Maty%C5%A1%C3%A1k&query_place_id=ChIJw8l31FWJbEcRPBMjLeTBY7A,Hotel,raw_bratislava region_2026-04-01_21-01-58-857.csv,8.15,Medium-High
Hotel NH Bratislava Gate One,4.5,2194,Ambrušova 7,Bratislava,SK,https://www.nh-hotels.com/en/hotel/nh-bratislava-gate-one?utm_campaign=local-gmb&utm_medium=organic_search&utm_source=google_gmb,+421 2/327 701 10,Hotel,https://www.google.com/maps/search/?api=1&query=Hotel%20NH%20Bratislava%20Gate%20One&query_place_id=ChIJDzAsfSOPbEcRHKBdWT49FA8,Hotel,raw_bratislava region_2026-04-01_21-01-58-857.csv,8.15,Medium-High
Felicity Garni Hotel,4.5,517,Hontianska 4,Bratislava,SK,https://www.felicityhotel.sk/,+421 910 188 288,Hotel,https://www.google.com/maps/search/?api=1&query=Felicity%20Garni%20Hotel&query_place_id=ChIJZxQCozqJbEcRGo1DO2fvE7c,Hotel,raw_bratislava region_2026-04-01_21-01-58-857.csv,8.15,Medium-High
Suza,3.4,307,Drotárska cesta 4748,Bratislava,SK,http://cuz.sk/,+421 915 846 345,Hotel,https://www.google.com/maps/search/?api=1&query=Suza&query_place_id=ChIJCYrHOPCLbEcRq68vav9QrtE,Hotel | Reštaurácia,raw_bratislava region_2026-04-01_21-01-58-857.csv,8.15,Medium-High
Hotel Antares,4.4,575,Šulekova 1181/15,Bratislava,SK,http://www.hotelantares.sk/,+421 910 785 020,Hotel,https://www.google.com/maps/search/?api=1&query=Hotel%20Antares&query_place_id=ChIJEUb-euKLbEcRIfrsouCOctg,Hotel,raw_bratislava region_2026-04-01_21-01-58-857.csv,8.14,Medium-High
APLEND CITY Hotel Perugia,4.5,488,Zelená 5,Bratislava,SK,https://www.aplendcity.com/sk/hotel-perugia,+421 902 411 111,Hotel,https://www.google.com/maps/search/?api=1&query=APLEND%20CITY%20Hotel%20Perugia&query_place_id=ChIJSbTtzEKJbEcRquztrqKAz48,Hotel,raw_bratislava region_2026-04-01_21-01-58-857.csv,8.14,Medium-High
PREMIUM Business Hotel Bratislava,4.4,1281,Priekopy 20/A,Bratislava,SK,http://www.hotel-premium.sk/,+421 2/494 910 55,Hotel,https://www.google.com/maps/search/?api=1&query=PREMIUM%20Business%20Hotel%20Bratislava&query_place_id=ChIJtzGAIs2ObEcRWMGtyyGbALI,Hotel,raw_bratislava region_2026-04-01_21-01-58-857.csv,8.14,Medium-High
Vienna House Easy Bratislava,4.3,2338,Galvaniho 28,Bratislava,SK,https://www.wyndhamhotels.com/en-uk/vienna-house/bratislavaslovak-republic/vienna-house-easy-bratislava/overview?CID=LC:6qt7c54dekbf1g7:57416&iata=00093796,+421 2/322 991 00,Hotel,https://www.google.com/maps/search/?api=1&query=Vienna%20House%20Easy%20Bratislava&query_place_id=ChIJYUQ2ex-PbEcRK1a3LF8ENa0,Hotel,raw_bratislava region_2026-04-01_21-01-58-857.csv,8.13,Medium-High
Best Place Apartments,4.3,611,Námestie SNP 477/18 1,Bratislava,SK,http://www.bestplace.city/,+421 905 111 123,Hotel,https://www.google.com/maps/search/?api=1&query=Best%20Place%20Apartments&query_place_id=ChIJP5f2Z0uJbEcRVAf_kscdri0,Hotel,raw_bratislava region_2026-04-01_21-01-58-857.csv,8.13,Medium-High
Dobrá Lipa,4.8,147,Roľnícka 242,Vajnory,SK,http://www.dobralipa.sk/,+421 948 115 179,Wellness a masáže,https://www.google.com/maps/search/?api=1&query=Dobr%C3%A1%20Lipa&query_place_id=ChIJUSIEwriPbEcRvQf0diP703g,Wellness a masáže | Kaviareň | Ubytovanie s izbovou službou,raw_bratislava region_2026-04-01_21-01-58-857.csv,8.13,Medium-High
Hotel Saffron,4.3,2242,Radlinského 27,Bratislava,SK,http://www.hotelsaffron.sk/,+421 2/212 993 01,Hotel,https://www.google.com/maps/search/?api=1&query=Hotel%20Saffron&query_place_id=ChIJnb2u5k6JbEcRnI_kXevzJsI,Hotel,raw_bratislava region_2026-04-01_21-01-58-857.csv,8.13,Medium-High
Ubytovňa Siesta,3.8,244,Borinská 3110/10,Bratislava,SK,https://www.sie-sta.sk/,+421 910 379 471,Kapsulový hotel,https://www.google.com/maps/search/?api=1&query=Ubytov%C5%88a%20Siesta&query_place_id=ChIJEfABrvKMbEcRUmljWYwnc3I,Kapsulový hotel | Hostel,raw_bratislava region_2026-04-01_21-01-58-857.csv,8.12,Medium-High
Elisabeth Old Town hotel,4.2,1049,Klemensova 2523/2,Bratislava,SK,http://elisabeth.sk/,+421 948 636 260,Hotel,https://www.google.com/maps/search/?api=1&query=Elisabeth%20Old%20Town%20hotel&query_place_id=ChIJW6PZMkGJbEcRTriVh4Xjvos,Hotel,raw_bratislava region_2026-04-01_21-01-58-857.csv,8.12,Medium-High
Hotel Blue Bratislava,4.2,646,Riazanská 38,Bratislava,SK,http://www.hotelblue.sk/,+421 907 971 016,Hotel,https://www.google.com/maps/search/?api=1&query=Hotel%20Blue%20Bratislava&query_place_id=ChIJ1eDbG7mObEcRYqDxDNFfE6s,Hotel,raw_bratislava region_2026-04-01_21-01-58-857.csv,8.12,Medium-High
Hotel West,4.2,512,Kamzíkov vrch 3139/10,Nové Mesto,SK,http://www.hotel-west.sk/,+421 948 907 835,Hotel,https://www.google.com/maps/search/?api=1&query=Hotel%20West&query_place_id=ChIJI0KYBT6MbEcRfBfiephfqEQ,Hotel,raw_bratislava region_2026-04-01_21-01-58-857.csv,8.12,Medium-High
Aviator Garni Hotel Bratislava,4.1,752,Ivanská cesta 69,Ružinov,SK,http://aviatorhotel.sk/,+421 2/442 503 12,Hotel,https://www.google.com/maps/search/?api=1&query=Aviator%20Garni%20Hotel%20Bratislava&query_place_id=ChIJ3yKIPxiPbEcRJgFem_GWD8s,Hotel,raw_bratislava region_2026-04-01_21-01-58-857.csv,8.11,Medium-High
Hotel Nivy,4.0,1450,Liščie nivy 442,Bratislava,SK,https://www.hotelnivy.sk/,+421 2/554 103 90,Hotel,https://www.google.com/maps/search/?api=1&query=Hotel%20Nivy&query_place_id=ChIJIzgk68yObEcRngw6Th2OsNU,Hotel,raw_bratislava region_2026-04-01_21-01-58-857.csv,8.1,Medium-High
Hotel Set,4.5,444,Kalinčiakova 12085/29A,Nové Mesto,SK,http://www.hotelset.sk/,+421 915 930 583,Hotel,https://www.google.com/maps/search/?api=1&query=Hotel%20Set&query_place_id=ChIJY0KBKMqObEcRCRwEmWWHl8c,Hotel,raw_bratislava region_2026-04-01_21-01-58-857.csv,8.09,Medium-High
Hotel Brix,4.3,463,Stromová 12475/32,Bratislava,SK,http://www.hotelbrix.sk/,+421 2/547 919 79,Hotel,https://www.google.com/maps/search/?api=1&query=Hotel%20Brix&query_place_id=ChIJx_zeMQaMbEcR0tu7BDu8xV8,Hotel,raw_bratislava region_2026-04-01_21-01-58-857.csv,8.09,Medium-High
Hotel Taxis,3.8,801,Jaskový rad 9,Bratislava,SK,https://hoteltaxis.sk/,+421 2/207 932 42,Hotel,https://www.google.com/maps/search/?api=1&query=Hotel%20Taxis&query_place_id=ChIJEys5X_-LbEcRkhv8ttvJVQg,Hotel,raw_bratislava region_2026-04-01_21-01-58-857.csv,8.08,Medium-High
Hotel Družba,3.8,479,Botanická 6,Karlova Ves,SK,https://www.hoteldruzba.sk/,+421 2/654 200 65,Hotel,https://www.google.com/maps/search/?api=1&query=Hotel%20Dru%C5%BEba&query_place_id=ChIJx1DBeuqLbEcRcdDJ-9dnkcw,Hotel,raw_bratislava region_2026-04-01_21-01-58-857.csv,8.06,Medium-High
Mama's Design & Boutique Hotel,4.5,412,Chorvátska 2701/2,Bratislava,SK,http://www.hotelmamas.sk/,+421 2/502 691 00,Hotel,https://www.google.com/maps/search/?api=1&query=Mama's%20Design%20%26%20Boutique%20Hotel&query_place_id=ChIJZbFZRUiJbEcRLcNOGDJpOqw,Hotel,raw_bratislava region_2026-04-01_21-01-58-857.csv,8.06,Medium-High
The Spa Barok - Luxury Thai massage & Spa,4.9,61,Sitnianska 2,Bratislava-Petržalka,SK,http://www.thespa.sk/,+421 911 100 861,Wellness a masáže,https://www.google.com/maps/search/?api=1&query=The%20Spa%20Barok%20-%20Luxury%20Thai%20massage%20%26%20Spa&query_place_id=ChIJuVmXpUqIbEcRQ4yBLMwB-jE,Wellness a masáže | Masér | Thajský masér,raw_bratislava region_2026-04-01_21-01-58-857.csv,8.05,Medium-High
Hotel Plus Bratislava,3.4,931,Bulharská 72,Ružinov,SK,http://www.hotelyplus.sk/,+421 2/482 319 20,Hotel,https://www.google.com/maps/search/?api=1&query=Hotel%20Plus%20Bratislava&query_place_id=ChIJOaUXix-PbEcRIg_obIkiWho,Hotel,raw_bratislava region_2026-04-01_21-01-58-857.csv,8.04,Medium-High
Tempus Club Garni Hotel,4.2,111,Rožňavská 5363/34,Bratislava,SK,http://club.tempus.sk/,+421 2/482 764 00,Hotel,https://www.google.com/maps/search/?api=1&query=Tempus%20Club%20Garni%20Hotel&query_place_id=ChIJ6VmJEf2ObEcRl_4LmWZDH54,Hotel | Telocvičňa,raw_bratislava region_2026-04-01_21-01-58-857.csv,8.03,Medium-High
BlueBell Hotel,4.5,359,Paulínyho 156/14,Bratislava,SK,http://www.myhotel.sk/,+421 948 163 350,Hotel,https://www.google.com/maps/search/?api=1&query=BlueBell%20Hotel&query_place_id=ChIJ3xxQrzCJbEcRFpovKGwLGXM,Hotel,raw_bratislava region_2026-04-01_21-01-58-857.csv,8.01,Medium-High
Hotel Avion,3.0,515,Ivanská cesta 15A,Ružinov,SK,https://www.hotelavion.sk/index.php?page=main,+421 901 919 171,Hotel,https://www.google.com/maps/search/?api=1&query=Hotel%20Avion&query_place_id=ChIJi1dBiyOPbEcRYB3uXrq-a00,Hotel,raw_bratislava region_2026-04-01_21-01-58-857.csv,8.0,Medium-High
Art Hotel William,4.2,380,Laurinská 17,Bratislava,SK,http://www.arthotelwilliam.sk/,+421 2/598 891 11,Hotel,https://www.google.com/maps/search/?api=1&query=Art%20Hotel%20William&query_place_id=ChIJTTFfoUOJbEcRAG61dkGbfGQ,Hotel,raw_bratislava region_2026-04-01_21-01-58-857.csv,8.0,Medium-High
Hotel EXPO,3.5,431,Viedenská cesta 7,Petržalka,SK,http://www.hotelexpo.sk/,+421 2/672 731 21,Hotel,https://www.google.com/maps/search/?api=1&query=Hotel%20EXPO&query_place_id=ChIJ6YruUG-JbEcRWPo3EXKqXW8,Hotel,raw_bratislava region_2026-04-01_21-01-58-857.csv,7.98,Medium-High
BIVIO,4.6,310,Alstrova 6073/153,Bratislava,SK,http://www.bivio.sk/,+421 2/208 507 10,Hotel,https://www.google.com/maps/search/?api=1&query=BIVIO&query_place_id=ChIJs_ZjYc6PbEcRpIrTeozoteA,Hotel,raw_bratislava region_2026-04-01_21-01-58-857.csv,7.97,Medium-High
Hotel Esprit,4.2,319,Zadunajská cesta 12,Petržalka,SK,http://hotelesprit.sk/,+421 902 500 300,Hotel,https://www.google.com/maps/search/?api=1&query=Hotel%20Esprit&query_place_id=ChIJa7AOpHGJbEcRIbq8zw4bKpQ,Hotel,raw_bratislava region_2026-04-01_21-01-58-857.csv,7.94,Medium-High
"Hotel Remy, s.r.o.",3.6,385,Stará Vajnorská 37A,Nové Mesto,SK,http://www.remy.sk/,+421 2/444 550 63,Hotel,https://www.google.com/maps/search/?api=1&query=Hotel%20Remy%2C%20s.r.o.&query_place_id=ChIJz39-PwCPbEcR_IcKKBemVdw,Hotel,raw_bratislava region_2026-04-01_21-01-58-857.csv,7.94,Medium-High
WELLNESS HEAVEN Bratislava,4.0,4,Tomášikova 223/26,Bratislava,SK,https://www.wellnessheaven.sk/,+421 952 594 945,Wellness Hotel,https://www.google.com/maps/search/?api=1&query=WELLNESS%20HEAVEN%20Bratislava&query_place_id=ChIJQUD79vaPbEcRCKQFZBjkxII,Wellness Hotel | Wellness a masáže,raw_bratislava region_2026-04-01_21-01-58-857.csv,7.9,Medium-High
Garni Hotel DOCK,4.6,235,Páričkova 1,Bratislava,SK,http://www.hoteldock.sk/,+421 2/206 204 20,Hotel,https://www.google.com/maps/search/?api=1&query=Garni%20Hotel%20DOCK&query_place_id=ChIJSTRBIEqJbEcRnSJfdHh6Muk,Hotel,raw_bratislava region_2026-04-01_21-01-58-857.csv,7.9,Medium-High
BEIGLI Hotel & Garden,4.7,213,Baštová 347/4,Bratislava,SK,https://www.hotelbeigli.sk/,+421 910 749 242,Hotel,https://www.google.com/maps/search/?api=1&query=BEIGLI%20Hotel%20%26%20Garden&query_place_id=ChIJZV_V61yJbEcRhJkhg7bSbrs,Hotel,raw_bratislava region_2026-04-01_21-01-58-857.csv,7.88,Medium-High
Wilson Palace Bratislava,4.8,196,Spojná,Bratislava,SK,http://www.loftpremiumhotel.sk/,+421 2/575 110 00,Hotel,https://www.google.com/maps/search/?api=1&query=Wilson%20Palace%20Bratislava&query_place_id=ChIJC4TRo1CJbEcRGs3ES5wzsd8,Hotel,raw_bratislava region_2026-04-01_21-01-58-857.csv,7.88,Medium-High
Apartmány Lafranconi,4.7,201,Nábrežie arm. gen. L. Svobodu 4307/40,Staré Mesto,SK,http://apartments-lafranconi.sk/,+421 905 790 591,Ubytovanie,https://www.google.com/maps/search/?api=1&query=Apartm%C3%A1ny%20Lafranconi&query_place_id=ChIJ9WRZtMKLbEcRQV8yRwNe2sk,Ubytovanie | Ubytovanie s izbovou službou,raw_bratislava region_2026-04-01_21-01-58-857.csv,7.87,Medium-High
Charming & Cozy by Ambiente,4.5,215,Suché mýto 4,Bratislava,SK,http://www.ambiente-apartments.com/,+421 910 915 502,Hotel,https://www.google.com/maps/search/?api=1&query=Charming%20%26%20Cozy%20by%20Ambiente&query_place_id=ChIJ82jBZFuJbEcRQJwvHeT2Kmk,Hotel,raw_bratislava region_2026-04-01_21-01-58-857.csv,7.86,Medium-High
Plaváreň Nivy,4.4,828,Liščie nivy 442/3,Bratislava,SK,http://hotelnivy.sk/#wellness,+421 2/554 103 90,Wellness centrum,https://www.google.com/maps/search/?api=1&query=Plav%C3%A1re%C5%88%20Nivy&query_place_id=ChIJcyGz58yObEcRY6ZDwOh4O5w,Wellness centrum,raw_bratislava region_2026-04-01_21-01-58-857.csv,7.84,Medium-High
Form Factory Nivy,4.2,699,Mlynské nivy 19034/5A,Ružinov,SK,https://www.formfactory.sk/,+421 948 949 765,Posilňovňa,https://www.google.com/maps/search/?api=1&query=Form%20Factory%20Nivy&query_place_id=ChIJcZcrqYOJbEcRrnssGQ8ra4s,Posilňovňa,raw_bratislava region_2026-04-01_21-01-58-857.csv,7.82,Medium-High
Penzión Hviezda,4.2,656,Hviezdna 9238/64,Bratislava,SK,http://ubytovaniehviezda.sk/,+421 902 817 666,Nocľah a raňajky,https://www.google.com/maps/search/?api=1&query=Penzi%C3%B3n%20Hviezda&query_place_id=ChIJA3ERIxqGbEcRKZRPTlFgjwQ,Nocľah a raňajky,raw_bratislava region_2026-04-01_21-01-58-857.csv,7.82,Medium-High
Sauna Luma,4.9,134,Hany Meličkovej 33,Karlova Ves,SK,http://www.saunaluma.sk/,+421 950 588 495,Wellness centrum,https://www.google.com/maps/search/?api=1&query=Sauna%20Luma&query_place_id=ChIJKYc7qKKLbEcRV7glxD3p4bo,Wellness centrum | Denný wellness,raw_bratislava region_2026-04-01_21-01-58-857.csv,7.82,Medium-High
BERG penzion,4.6,459,Údernícka 2712/24,Petržalka,SK,http://www.penzionberg.sk/,+421 902 222 223,Penzión,https://www.google.com/maps/search/?api=1&query=BERG%20penzion&query_place_id=ChIJXdXI9bCJbEcRMfWHRZ7nkJI,Penzión,raw_bratislava region_2026-04-01_21-01-58-857.csv,7.82,Medium-High
More Than Accommodation,4.7,154,Panónska cesta 8,Petržalka,SK,https://www.morethan.sk/,+421 940 625 100,Hotel,https://www.google.com/maps/search/?api=1&query=More%20Than%20Accommodation&query_place_id=ChIJU_Jy_J2JbEcRojs0jYHTO0U,Hotel,raw_bratislava region_2026-04-01_21-01-58-857.csv,7.82,Medium-High
Hotel Viktor,3.6,1693,Kremnická 2009/26,Petržalka,SK,http://www.hotelviktor.sk/,+421 2/634 520 84,Penzión,https://www.google.com/maps/search/?api=1&query=Hotel%20Viktor&query_place_id=ChIJU2OGGnmJbEcRfdtcMPkIc-c,Penzión,raw_bratislava region_2026-04-01_21-01-58-857.csv,7.76,Medium-High
"ZEN SPA - float, privátna sauna, masáž",4.8,316,"Hotel TATRA****, Námestie 1. mája 5",Bratislava,SK,http://www.zenspa.sk/,+421 948 888 700,Wellness a masáže,https://www.google.com/maps/search/?api=1&query=ZEN%20SPA%20-%20float%2C%20priv%C3%A1tna%20sauna%2C%20mas%C3%A1%C5%BE&query_place_id=ChIJT-kOxFqJbEcRrob2zgh7dN0,Wellness a masáže,raw_bratislava region_2026-04-01_21-01-58-857.csv,7.7,Medium-High
Hostel Alex,3.9,231,Bojnická 8011/22,Bratislava,SK,http://ubytovna-alex6.webnode.sk/,+421 908 206 288,Hostel,https://www.google.com/maps/search/?api=1&query=Hostel%20Alex&query_place_id=ChIJIy8IQViObEcRJGvRDYSosHk,Hostel,raw_bratislava region_2026-04-01_21-01-58-857.csv,7.52,Medium-High
Uninova Hostel,3.6,252,Dopravná 3079/51,Bratislava,SK,http://www.uninovahostel.sk/,+421 2/492 080 33,Hostel,https://www.google.com/maps/search/?api=1&query=Uninova%20Hostel&query_place_id=ChIJDb49P1qObEcR6oNccJ2XjZ0,Hostel,raw_bratislava region_2026-04-01_21-01-58-857.csv,7.51,Medium-High
Riverpark Dance School,4.6,120,Laurinská 14,Staré Mesto,SK,http://www.rdsartgroup.sk/,+421 910 373 373,Tanečná škola,https://www.google.com/maps/search/?api=1&query=Riverpark%20Dance%20School&query_place_id=ChIJS_Noft-LbEcRzCfGG2fXM_A,Tanečná škola,raw_bratislava region_2026-04-01_21-01-58-857.csv,7.48,Medium
Ayur Ganesh - Ajurvédske Centrum,4.9,81,Kráľovské údolie 4471/6,Bratislava,SK,https://www.ayurganesh.sk/,+421 948 459 865,Wellness centrum,https://www.google.com/maps/search/?api=1&query=Ayur%20Ganesh%20-%20Ajurv%C3%A9dske%20Centrum&query_place_id=ChIJLXPMq1qJbEcRleMAA8sWwMs,Wellness centrum,raw_bratislava region_2026-04-01_21-01-58-857.csv,7.47,Medium
Masážny salón Mandala,4.7,80,Poľná 19,Staré Mesto,SK,http://www.mandalacentrum.sk/,+421 944 199 860,Masér,https://www.google.com/maps/search/?api=1&query=Mas%C3%A1%C5%BEny%20sal%C3%B3n%20Mandala&query_place_id=ChIJhSEt6kCJbEcRSgrx95YXUVI,Masér,raw_bratislava region_2026-04-01_21-01-58-857.csv,7.45,Medium
Tantra Diamond,4.4,55,Ventúrska 277/16,Bratislava,SK,http://www.tantradiamond.sk/,+421 911 989 484,Erotická masáž,https://www.google.com/maps/search/?api=1&query=Tantra%20Diamond&query_place_id=ChIJL8_2mUOJbEcRJy6Bu6dvA_Y,Erotická masáž,raw_bratislava region_2026-04-01_21-01-58-857.csv,7.4,Medium
ZION SPA,4.6,39,"Grand Hotel River Park, Dvořákovo nábrežie 7528/6",Staré Mesto,SK,https://zionspa.sk/,+421 2/322 384 51,Wellness centrum,https://www.google.com/maps/search/?api=1&query=ZION%20SPA&query_place_id=ChIJCTqPyEaJbEcR7baZxfBwcBw,Wellness centrum,raw_bratislava region_2026-04-01_21-01-58-857.csv,7.4,Medium
Wellness Modena,4.2,29,Vlčie hrdlo 1A,Ružinov,SK,https://hotelmodena.sk/sukromny-wellness,+421 948 998 488,Wellness centrum,https://www.google.com/maps/search/?api=1&query=Wellness%20Modena&query_place_id=ChIJKQW4owGJbEcRprjHdSHqBKw,Wellness centrum,raw_bratislava region_2026-04-01_21-01-58-857.csv,7.35,Medium
Golden cave. thai massage,4.3,17,Rybárska brána 217/1,Bratislava,SK,http://www.thajmasaze.sk/,+421 915 565 719,Thajský masér,https://www.google.com/maps/search/?api=1&query=Golden%20cave.%20thai%20massage&query_place_id=ChIJt8ld21yJbEcRGrdVNbxLjO8,Thajský masér,raw_bratislava region_2026-04-01_21-01-58-857.csv,7.35,Medium
Wellmass coffe & wellness,4.4,14,Ivanská cesta 16733/15,Bratislava,SK,https://www.wellmass.sk/,+421 908 779 351,Wellness a masáže,https://www.google.com/maps/search/?api=1&query=Wellmass%20coffe%20%26%20wellness&query_place_id=ChIJUa3m0NGPbEcRoCrL34AAzlQ,Wellness a masáže,raw_bratislava region_2026-04-01_21-01-58-857.csv,7.35,Medium
Radio Hotel Bratislava,1.0,1,Rádiová 4034/41,Bratislava,SK,https://www.radiohotel.sk/,+421 911 941 140,Hotel,https://www.google.com/maps/search/?api=1&query=Radio%20Hotel%20Bratislava&query_place_id=ChIJI08i78qPbEcRauu6MS9QLYc,Hotel,raw_bratislava region_2026-04-01_21-01-58-857.csv,7.3,Medium
Penzión Angelika,3.1,50,Pri Suchom mlyne 3871,Bratislava,SK,https://www.hotelangelika.eu/,+421 902 553 579,Ubytovanie,https://www.google.com/maps/search/?api=1&query=Penzi%C3%B3n%20Angelika&query_place_id=ChIJbafwhwqMbEcRh3cVbZpRrCY,Ubytovanie,raw_bratislava region_2026-04-01_21-01-58-857.csv,7.26,Medium
"LUXURY - Brands CELINE, BRUNELLO CUCINELLI , TOM FORD, KITON, ZIMMERMAN, KHAITE and more",2.9,38,Gorkého 9a,Bratislava,SK,https://www.luxurybratislava.com/,+421 2/207 254 04,Predajňa odevov,https://www.google.com/maps/search/?api=1&query=LUXURY%20-%20Brands%20CELINE%2C%20BRUNELLO%20CUCINELLI%20%2C%20TOM%20FORD%2C%20KITON%2C%20ZIMMERMAN%2C%20KHAITE%20and%20more&query_place_id=ChIJm-gJZcqJbEcRrC9nY77rvSg,Predajňa odevov,raw_bratislava region_2026-04-01_21-01-58-857.csv,7.23,Medium
Hotel Prim,3.6,776,Stará Vajnorská 3022/37,Nové Mesto,SK,https://hotelprim.sk/,,Hotel,https://www.google.com/maps/search/?api=1&query=Hotel%20Prim&query_place_id=ChIJz39-PwCPbEcR-4c_mtZjzKo,Hotel | Ubytovanie pod strechou,raw_bratislava region_2026-04-01_21-01-58-857.csv,7.11,Medium
Thai massage - Massage,4.7,26,"74, Michalska4 81102 Zkazrit hotel Bratislava, Mariánska 2",Bratislava,SK,https://www.homethairelax.sk/,+421 902 398 889,,https://www.google.com/maps/search/?api=1&query=Thai%20massage%20-%20Massage&query_place_id=ChIJW8rQ4f-JbEcRpn9dCYZdLgE,,raw_bratislava region_2026-04-01_21-01-58-857.csv,7.1,Medium
Hotel Barónka,3.7,650,Mudrochova 2,Rača,SK,,+421 2/448 723 24,Prenájom bytov,https://www.google.com/maps/search/?api=1&query=Hotel%20Bar%C3%B3nka&query_place_id=ChIJrxjIy22ObEcRGuZm3crL8dQ,Prenájom bytov | Kongresové centrum | Konferenčné priestory | Prenájom kancelárskych priestorov | Sauna | Bazén,raw_bratislava region_2026-04-01_21-01-58-857.csv,4.52,Low
Botel Pressburg & Restaurant,4.0,426,Dvořákovo nábrežie,Staré Mesto,SK,,+421 903 535 075,Hotel,https://www.google.com/maps/search/?api=1&query=Botel%20Pressburg%20%26%20Restaurant&query_place_id=ChIJf50bsHCLbEcRAksqgJp7Unc,Hotel | Gril | Bar | Reštaurácia,raw_bratislava region_2026-04-01_21-01-58-857.csv,4.48,Low
Apartments Hotel Elisabeth,4.7,9,Podbeľová 4,Bratislava,SK,,+421 949 244 042,Hotel,https://www.google.com/maps/search/?api=1&query=Apartments%20Hotel%20Elisabeth&query_place_id=ChIJ_ZgbpEyPbEcR7oZ4M3I6VU4,Hotel | Apartmán s izbovou službou,raw_bratislava region_2026-04-01_21-01-58-857.csv,3.53,Low
River View Apartments,4.6,297,Hradné údolie 5A,Staré Mesto,SK,,+421 903 704 947,Hotel,https://www.google.com/maps/search/?api=1&query=River%20View%20Apartments&query_place_id=ChIJXeNOgdaJbEcRxdlpcCZyegs,Hotel,raw_bratislava region_2026-04-01_21-01-58-857.csv,3.51,Low
UBYTOVANIE,3.8,45,Rádiová 41,Bratislava,SK,,+421 911 270 454,Hotel,https://www.google.com/maps/search/?api=1&query=UBYTOVANIE&query_place_id=ChIJp4FW6-CObEcRsYCyGPEgXXE,Hotel | Penzión,raw_bratislava region_2026-04-01_21-01-58-857.csv,3.47,Low
Ubytovňa Narva,4.2,105,Staviteľská 1,Rača,SK,,+421 915 983 227,Reštaurácia,https://www.google.com/maps/search/?api=1&query=Ubytov%C5%88a%20Narva&query_place_id=ChIJrR5qZPaObEcRs4dWdW0Mi_4,Reštaurácia | Hostel,raw_bratislava region_2026-04-01_21-01-58-857.csv,3.28,Low
Ubytovňa Nivy,3.3,46,Mlynské nivy 1485/70,Bratislava,SK,,+421 949 468 212,Hotel,https://www.google.com/maps/search/?api=1&query=Ubytov%C5%88a%20Nivy&query_place_id=ChIJqycOciuJbEcRWuToSfpQGFo,Hotel,raw_bratislava region_2026-04-01_21-01-58-857.csv,3.13,Low
Bed & Breakfast Apartment Ginko,4.9,14,Úradnícka 625/8,Bratislava,SK,,+421 948 089 397,Nocľah a raňajky,https://www.google.com/maps/search/?api=1&query=Bed%20%26%20Breakfast%20Apartment%20Ginko&query_place_id=ChIJ928kWriObEcRSyxd2YAhfvU,Nocľah a raňajky,raw_bratislava region_2026-04-01_21-01-58-857.csv,2.95,Low
Chill time wellness & spa,3.8,59,Podbeľová 14907,Bratislava,SK,,+421 949 244 042,Wellness centrum,https://www.google.com/maps/search/?api=1&query=Chill%20time%20wellness%20%26%20spa&query_place_id=ChIJ47R7pkyPbEcRmKk6T8bYCuw,Wellness centrum,raw_bratislava region_2026-04-01_21-01-58-857.csv,2.89,Low
Catalog Boutique Rooms,5.0,6,Gorkého 17,Bratislava,SK,,,Hotel,https://www.google.com/maps/search/?api=1&query=Catalog%20Boutique%20Rooms&query_place_id=ChIJgaceJgCJbEcR2weecb1wei4,Hotel,raw_bratislava region_2026-04-01_21-01-58-857.csv,2.01,Low
Ikaros Hotel,4.4,7,,Bratislava,SK,,,Hotel,https://www.google.com/maps/search/?api=1&query=Ikaros%20Hotel&query_place_id=ChIJczhnvhWPbEcRfKONU6MmINM,Hotel,raw_bratislava region_2026-04-01_21-01-58-857.csv,1.95,Low
Optimum Devinska,4.1,14,Vápenka 5939/841 07,Devínska Nová Ves,SK,,,Hotel,https://www.google.com/maps/search/?api=1&query=Optimum%20Devinska&query_place_id=ChIJJ_8jckHzbEcRRNm1SK4QIkc,Hotel,raw_bratislava region_2026-04-01_21-01-58-857.csv,1.92,Low
U Teodora Apartments,3.0,2,Jurkovičova 6/b,Bratislava,SK,,,Bytový dom,https://www.google.com/maps/search/?api=1&query=U%20Teodora%20Apartments&query_place_id=ChIJpQYwwbiPbEcROF0f54dC0Y0,Bytový dom | Ubytovanie,raw_bratislava region_2026-04-01_21-01-58-857.csv,1.8,Low
Penzión V Lamači - Zdenka Pánisová,3.3,14,Vrančovičova 1220/42,Lamač,SK,,,Ubytovanie,https://www.google.com/maps/search/?api=1&query=Penzi%C3%B3n%20V%20Lama%C4%8Di%20-%20Zdenka%20P%C3%A1nisov%C3%A1&query_place_id=ChIJZcRdeu2MbEcRp703az2shB0,Ubytovanie,raw_bratislava region_2026-04-01_21-01-58-857.csv,1.54,Low
